{"type":"FeatureCollection","features":[{"type":"Feature","geometry":{"type":"Point","coordinates":[-54.139181,-31.690648]},"properties":{"municipio_id":"4300034","municipio_nome":"Aceguá","regiao_saude":"22 - Pampa","macroregiao_saude":"Sul"}},{"type":"Feature","geometry":{"type":"Point","coordinates":[-53.226581,-29.608087]},"properties":{"municipio_id":"4300109","municipio_nome":"Agudo","regiao_saude":"01 - Verdes Campos","macroregiao_saude":"Centro-Oeste"}},{"type":"Feature","geometry":{"type":"Point","coordinates":[-53.737199,-28.209931]},"properties":{"municipio_id":"4300208","municipio_nome":"Ajuricaba","regiao_saude":"13 - Diversidade","macroregiao_saude":"Missioneira"}},{"type":"Feature","geometry":{"type":"Point","coordinates":[-54.783217,-27.651751]},"properties":{"municipio_id":"4300307","municipio_nome":"Alecrim","regiao_saude":"14 - Fronteira Noroeste","macroregiao_saude":"Missioneira"}},{"type":"Feature","geometry":{"type":"Point","coordinates":[-55.835716,-29.763955]},"properties":{"municipio_id":"4300406","municipio_nome":"Alegrete","regiao_saude":"03 - Fronteira Oeste","macroregiao_saude":"Centro-Oeste"}},{"type":"Feature","geometry":{"type":"Point","coordinates":[-54.056208,-27.813543]},"properties":{"municipio_id":"4300455","municipio_nome":"Alegria","regiao_saude":"14 - Fronteira Noroeste","macroregiao_saude":"Missioneira"}},{"type":"Feature","geometry":{"type":"Point","coordinates":[-52.907642,-28.129957]},"properties":{"municipio_id":"4300471","municipio_nome":"Almirante Tamandaré do Sul","regiao_saude":"17 - Planalto","macroregiao_saude":"Norte"}},{"type":"Feature","geometry":{"type":"Point","coordinates":[-53.063523,-27.217261]},"properties":{"municipio_id":"4300505","municipio_nome":"Alpestre","regiao_saude":"15 - Caminho das águas","macroregiao_saude":"Norte"}},{"type":"Feature","geometry":{"type":"Point","coordinates":[-52.988925,-28.80432]},"properties":{"municipio_id":"4300554","municipio_nome":"Alto Alegre","regiao_saude":"19 - Botucaruí","macroregiao_saude":"Norte"}},{"type":"Feature","geometry":{"type":"Point","coordinates":[-51.304514,-29.363069]},"properties":{"municipio_id":"4300570","municipio_nome":"Alto Feliz","regiao_saude":"26 - Uva Vale","macroregiao_saude":"Serra"}},{"type":"Feature","geometry":{"type":"Point","coordinates":[-51.037424,-29.994984]},"properties":{"municipio_id":"4300604","municipio_nome":"Alvorada","regiao_saude":"10 - Capital e Vale do Gravataí","macroregiao_saude":"Metropolitana"}},{"type":"Feature","geometry":{"type":"Point","coordinates":[-52.317384,-30.810217]},"properties":{"municipio_id":"4300638","municipio_nome":"Amaral Ferrador","regiao_saude":"21- Região Sul ","macroregiao_saude":"Sul"}},{"type":"Feature","geometry":{"type":"Point","coordinates":[-53.192619,-27.365592]},"properties":{"municipio_id":"4300646","municipio_nome":"Ametista do Sul","regiao_saude":"15 - Caminho das águas","macroregiao_saude":"Norte"}},{"type":"Feature","geometry":{"type":"Point","coordinates":[-51.504193,-28.59427]},"properties":{"municipio_id":"4300661","municipio_nome":"André da Rocha","regiao_saude":"18 - Araucárias","macroregiao_saude":"Norte"}},{"type":"Feature","geometry":{"type":"Point","coordinates":[-51.994602,-28.970158]},"properties":{"municipio_id":"4300703","municipio_nome":"Anta Gorda","regiao_saude":"29 - Vales e Montanhas","macroregiao_saude":"Vales"}},{"type":"Feature","geometry":{"type":"Point","coordinates":[-51.316323,-28.882267]},"properties":{"municipio_id":"4300802","municipio_nome":"Antônio Prado","regiao_saude":"26 - Uva Vale","macroregiao_saude":"Serra"}},{"type":"Feature","geometry":{"type":"Point","coordinates":[-51.578611,-30.918625]},"properties":{"municipio_id":"4300851","municipio_nome":"Arambaré","regiao_saude":"09 - Carbonífera/Costa Doce","macroregiao_saude":"Metropolitana"}},{"type":"Feature","geometry":{"type":"Point","coordinates":[-50.934581,-29.634992]},"properties":{"municipio_id":"4300877","municipio_nome":"Araricá","regiao_saude":"07 - Vale dos Sinos","macroregiao_saude":"Metropolitana"}},{"type":"Feature","geometry":{"type":"Point","coordinates":[-52.302377,-27.387489]},"properties":{"municipio_id":"4300901","municipio_nome":"Aratiba","regiao_saude":"16 - Alto Uruguai Gaúcho","macroregiao_saude":"Norte"}},{"type":"Feature","geometry":{"type":"Point","coordinates":[-52.919852,-32.188414]},"properties":{"municipio_id":"4301305","municipio_nome":"Arroio Grande","regiao_saude":"21- Região Sul ","macroregiao_saude":"Sul"}},{"type":"Feature","geometry":{"type":"Point","coordinates":[-51.96502,-29.362121]},"properties":{"municipio_id":"4301008","municipio_nome":"Arroio do Meio","regiao_saude":"29 - Vales e Montanhas","macroregiao_saude":"Vales"}},{"type":"Feature","geometry":{"type":"Point","coordinates":[-52.397506,-31.440375]},"properties":{"municipio_id":"4301073","municipio_nome":"Arroio do Padre","regiao_saude":"21- Região Sul ","macroregiao_saude":"Sul"}},{"type":"Feature","geometry":{"type":"Point","coordinates":[-49.893114,-29.520424]},"properties":{"municipio_id":"4301057","municipio_nome":"Arroio do Sal","regiao_saude":"04 - Belas Praias ","macroregiao_saude":"Metropolitana"}},{"type":"Feature","geometry":{"type":"Point","coordinates":[-53.052264,-29.258865]},"properties":{"municipio_id":"4301206","municipio_nome":"Arroio do Tigre","regiao_saude":"27 - Jacuí Centro","macroregiao_saude":"Vales"}},{"type":"Feature","geometry":{"type":"Point","coordinates":[-51.751961,-30.192916]},"properties":{"municipio_id":"4301107","municipio_nome":"Arroio dos Ratos","regiao_saude":"09 - Carbonífera/Costa Doce","macroregiao_saude":"Metropolitana"}},{"type":"Feature","geometry":{"type":"Point","coordinates":[-52.187054,-28.863952]},"properties":{"municipio_id":"4301404","municipio_nome":"Arvorezinha","regiao_saude":"19 - Botucaruí","macroregiao_saude":"Norte"}},{"type":"Feature","geometry":{"type":"Point","coordinates":[-54.007288,-28.533868]},"properties":{"municipio_id":"4301503","municipio_nome":"Augusto Pestana","regiao_saude":"13 - Diversidade","macroregiao_saude":"Missioneira"}},{"type":"Feature","geometry":{"type":"Point","coordinates":[-54.016579,-31.236485]},"properties":{"municipio_id":"4301602","municipio_nome":"Bagé","regiao_saude":"22 - Pampa","macroregiao_saude":"Sul"}},{"type":"Feature","geometry":{"type":"Point","coordinates":[-50.293763,-30.211229]},"properties":{"municipio_id":"4301636","municipio_nome":"Balneário Pinhal","regiao_saude":"05 - Bons Ventos","macroregiao_saude":"Metropolitana"}},{"type":"Feature","geometry":{"type":"Point","coordinates":[-53.016704,-27.921695]},"properties":{"municipio_id":"4301958","municipio_nome":"Barra Funda","regiao_saude":"20 - Rota da Produção ","macroregiao_saude":"Norte"}},{"type":"Feature","geometry":{"type":"Point","coordinates":[-53.76366,-27.205305]},"properties":{"municipio_id":"4301859","municipio_nome":"Barra do Guarita","regiao_saude":"15 - Caminho das águas","macroregiao_saude":"Norte"}},{"type":"Feature","geometry":{"type":"Point","coordinates":[-57.3353,-30.15137]},"properties":{"municipio_id":"4301875","municipio_nome":"Barra do Quaraí","regiao_saude":"03 - Fronteira Oeste","macroregiao_saude":"Centro-Oeste"}},{"type":"Feature","geometry":{"type":"Point","coordinates":[-51.357642,-30.373875]},"properties":{"municipio_id":"4301909","municipio_nome":"Barra do Ribeiro","regiao_saude":"09 - Carbonífera/Costa Doce","macroregiao_saude":"Metropolitana"}},{"type":"Feature","geometry":{"type":"Point","coordinates":[-52.406711,-27.403046]},"properties":{"municipio_id":"4301925","municipio_nome":"Barra do Rio Azul","regiao_saude":"16 - Alto Uruguai Gaúcho","macroregiao_saude":"Norte"}},{"type":"Feature","geometry":{"type":"Point","coordinates":[-51.438631,-27.723128]},"properties":{"municipio_id":"4301800","municipio_nome":"Barracão","regiao_saude":"18 - Araucárias","macroregiao_saude":"Norte"}},{"type":"Feature","geometry":{"type":"Point","coordinates":[-52.588663,-29.113354]},"properties":{"municipio_id":"4302006","municipio_nome":"Barros Cassal","regiao_saude":"19 - Botucaruí","macroregiao_saude":"Norte"}},{"type":"Feature","geometry":{"type":"Point","coordinates":[-51.488917,-29.385094]},"properties":{"municipio_id":"4301651","municipio_nome":"Barão","regiao_saude":"08 - Vale do Caí e Metropolitana","macroregiao_saude":"Metropolitana"}},{"type":"Feature","geometry":{"type":"Point","coordinates":[-52.41721,-27.567682]},"properties":{"municipio_id":"4301701","municipio_nome":"Barão de Cotegipe","regiao_saude":"16 - Alto Uruguai Gaúcho","macroregiao_saude":"Norte"}},{"type":"Feature","geometry":{"type":"Point","coordinates":[-51.798494,-30.417371]},"properties":{"municipio_id":"4301750","municipio_nome":"Barão do Triunfo","regiao_saude":"09 - Carbonífera/Costa Doce","macroregiao_saude":"Metropolitana"}},{"type":"Feature","geometry":{"type":"Point","coordinates":[-52.642621,-27.484799]},"properties":{"municipio_id":"4302055","municipio_nome":"Benjamin Constant do Sul","regiao_saude":"16 - Alto Uruguai Gaúcho","macroregiao_saude":"Norte"}},{"type":"Feature","geometry":{"type":"Point","coordinates":[-51.551478,-29.12535]},"properties":{"municipio_id":"4302105","municipio_nome":"Bento Gonçalves","regiao_saude":"25 - Vinhedos e Basalto","macroregiao_saude":"Serra"}},{"type":"Feature","geometry":{"type":"Point","coordinates":[-53.34152,-27.701601]},"properties":{"municipio_id":"4302154","municipio_nome":"Boa Vista das Missões","regiao_saude":"20 - Rota da Produção ","macroregiao_saude":"Norte"}},{"type":"Feature","geometry":{"type":"Point","coordinates":[-54.099766,-27.674803]},"properties":{"municipio_id":"4302204","municipio_nome":"Boa Vista do Buricá","regiao_saude":"14 - Fronteira Noroeste","macroregiao_saude":"Missioneira"}},{"type":"Feature","geometry":{"type":"Point","coordinates":[-53.8376,-28.656086]},"properties":{"municipio_id":"4302220","municipio_nome":"Boa Vista do Cadeado","regiao_saude":"12 - Portal das Missões","macroregiao_saude":"Missioneira"}},{"type":"Feature","geometry":{"type":"Point","coordinates":[-53.461502,-28.86524]},"properties":{"municipio_id":"4302238","municipio_nome":"Boa Vista do Incra","regiao_saude":"12 - Portal das Missões","macroregiao_saude":"Missioneira"}},{"type":"Feature","geometry":{"type":"Point","coordinates":[-51.671956,-29.351056]},"properties":{"municipio_id":"4302253","municipio_nome":"Boa Vista do Sul","regiao_saude":"25 - Vinhedos e Basalto","macroregiao_saude":"Serra"}},{"type":"Feature","geometry":{"type":"Point","coordinates":[-50.423269,-28.598162]},"properties":{"municipio_id":"4302303","municipio_nome":"Bom Jesus","regiao_saude":"24 - Campos de Cima da Serra","macroregiao_saude":"Serra"}},{"type":"Feature","geometry":{"type":"Point","coordinates":[-51.363424,-29.470428]},"properties":{"municipio_id":"4302352","municipio_nome":"Bom Princípio","regiao_saude":"26 - Uva Vale","macroregiao_saude":"Serra"}},{"type":"Feature","geometry":{"type":"Point","coordinates":[-53.848927,-27.545264]},"properties":{"municipio_id":"4302378","municipio_nome":"Bom Progresso","regiao_saude":"15 - Caminho das águas","macroregiao_saude":"Norte"}},{"type":"Feature","geometry":{"type":"Point","coordinates":[-51.922566,-29.637734]},"properties":{"municipio_id":"4302402","municipio_nome":"Bom Retiro do Sul","regiao_saude":"30 - Vale da Luz ","macroregiao_saude":"Vales"}},{"type":"Feature","geometry":{"type":"Point","coordinates":[-52.413926,-29.305731]},"properties":{"municipio_id":"4302451","municipio_nome":"Boqueirão do Leão","regiao_saude":"29 - Vales e Montanhas","macroregiao_saude":"Vales"}},{"type":"Feature","geometry":{"type":"Point","coordinates":[-54.971389,-28.661748]},"properties":{"municipio_id":"4302501","municipio_nome":"Bossoroca","regiao_saude":"11 - Sete Povos das Missões","macroregiao_saude":"Missioneira"}},{"type":"Feature","geometry":{"type":"Point","coordinates":[-53.751779,-28.354319]},"properties":{"municipio_id":"4302584","municipio_nome":"Bozano","regiao_saude":"13 - Diversidade","macroregiao_saude":"Missioneira"}},{"type":"Feature","geometry":{"type":"Point","coordinates":[-53.742155,-27.581198]},"properties":{"municipio_id":"4302600","municipio_nome":"Braga","regiao_saude":"20 - Rota da Produção ","macroregiao_saude":"Norte"}},{"type":"Feature","geometry":{"type":"Point","coordinates":[-51.622291,-29.537031]},"properties":{"municipio_id":"4302659","municipio_nome":"Brochier","regiao_saude":"08 - Vale do Caí e Metropolitana","macroregiao_saude":"Metropolitana"}},{"type":"Feature","geometry":{"type":"Point","coordinates":[-52.004834,-30.183593]},"properties":{"municipio_id":"4302709","municipio_nome":"Butiá","regiao_saude":"09 - Carbonífera/Costa Doce","macroregiao_saude":"Metropolitana"}},{"type":"Feature","geometry":{"type":"Point","coordinates":[-54.80281,-29.920428]},"properties":{"municipio_id":"4302907","municipio_nome":"Cacequi","regiao_saude":"02 - Entre Rios ","macroregiao_saude":"Centro-Oeste"}},{"type":"Feature","geometry":{"type":"Point","coordinates":[-52.98645,-30.206195]},"properties":{"municipio_id":"4303004","municipio_nome":"Cachoeira do Sul","regiao_saude":"27 - Jacuí Centro","macroregiao_saude":"Vales"}},{"type":"Feature","geometry":{"type":"Point","coordinates":[-51.095319,-29.920926]},"properties":{"municipio_id":"4303103","municipio_nome":"Cachoeirinha","regiao_saude":"10 - Capital e Vale do Gravataí","macroregiao_saude":"Metropolitana"}},{"type":"Feature","geometry":{"type":"Point","coordinates":[-51.676931,-27.814123]},"properties":{"municipio_id":"4303202","municipio_nome":"Cacique Doble","regiao_saude":"18 - Araucárias","macroregiao_saude":"Norte"}},{"type":"Feature","geometry":{"type":"Point","coordinates":[-54.655262,-28.335335]},"properties":{"municipio_id":"4303301","municipio_nome":"Caibaté","regiao_saude":"11 - Sete Povos das Missões","macroregiao_saude":"Missioneira"}},{"type":"Feature","geometry":{"type":"Point","coordinates":[-53.466555,-27.246552]},"properties":{"municipio_id":"4303400","municipio_nome":"Caiçara","regiao_saude":"15 - Caminho das águas","macroregiao_saude":"Norte"}},{"type":"Feature","geometry":{"type":"Point","coordinates":[-51.788508,-30.922726]},"properties":{"municipio_id":"4303509","municipio_nome":"Camaquã","regiao_saude":"09 - Carbonífera/Costa Doce","macroregiao_saude":"Metropolitana"}},{"type":"Feature","geometry":{"type":"Point","coordinates":[-52.221257,-28.616396]},"properties":{"municipio_id":"4303558","municipio_nome":"Camargo","regiao_saude":"17 - Planalto","macroregiao_saude":"Norte"}},{"type":"Feature","geometry":{"type":"Point","coordinates":[-50.135271,-29.058168]},"properties":{"municipio_id":"4303608","municipio_nome":"Cambará do Sul","regiao_saude":"06 - Vale do Paranha e Costa Serra","macroregiao_saude":"Metropolitana"}},{"type":"Feature","geometry":{"type":"Point","coordinates":[-51.098752,-28.726216]},"properties":{"municipio_id":"4303673","municipio_nome":"Campestre da Serra","regiao_saude":"24 - Campos de Cima da Serra","macroregiao_saude":"Serra"}},{"type":"Feature","geometry":{"type":"Point","coordinates":[-54.834105,-27.962997]},"properties":{"municipio_id":"4303707","municipio_nome":"Campina das Missões","regiao_saude":"14 - Fronteira Noroeste","macroregiao_saude":"Missioneira"}},{"type":"Feature","geometry":{"type":"Point","coordinates":[-52.657459,-27.73626]},"properties":{"municipio_id":"4303806","municipio_nome":"Campinas do Sul","regiao_saude":"16 - Alto Uruguai Gaúcho","macroregiao_saude":"Norte"}},{"type":"Feature","geometry":{"type":"Point","coordinates":[-51.048535,-29.672689]},"properties":{"municipio_id":"4303905","municipio_nome":"Campo Bom","regiao_saude":"07 - Vale dos Sinos","macroregiao_saude":"Metropolitana"}},{"type":"Feature","geometry":{"type":"Point","coordinates":[-53.824605,-27.668328]},"properties":{"municipio_id":"4304002","municipio_nome":"Campo Novo","regiao_saude":"13 - Diversidade","macroregiao_saude":"Missioneira"}},{"type":"Feature","geometry":{"type":"Point","coordinates":[-53.057726,-28.905614]},"properties":{"municipio_id":"4304101","municipio_nome":"Campos Borges","regiao_saude":"19 - Botucaruí","macroregiao_saude":"Norte"}},{"type":"Feature","geometry":{"type":"Point","coordinates":[-52.813219,-29.700364]},"properties":{"municipio_id":"4304200","municipio_nome":"Candelária","regiao_saude":"28 - Vale do Rio Pardo","macroregiao_saude":"Vales"}},{"type":"Feature","geometry":{"type":"Point","coordinates":[-53.74572,-31.554435]},"properties":{"municipio_id":"4304358","municipio_nome":"Candiota","regiao_saude":"22 - Pampa","macroregiao_saude":"Sul"}},{"type":"Feature","geometry":{"type":"Point","coordinates":[-50.77515,-29.351368]},"properties":{"municipio_id":"4304408","municipio_nome":"Canela","regiao_saude":"23 - Caxias e Hortênsias","macroregiao_saude":"Serra"}},{"type":"Feature","geometry":{"type":"Point","coordinates":[-52.669518,-31.217405]},"properties":{"municipio_id":"4304507","municipio_nome":"Canguçu","regiao_saude":"21- Região Sul ","macroregiao_saude":"Sul"}},{"type":"Feature","geometry":{"type":"Point","coordinates":[-51.179649,-29.912221]},"properties":{"municipio_id":"4304606","municipio_nome":"Canoas","regiao_saude":"08 - Vale do Caí e Metropolitana","macroregiao_saude":"Metropolitana"}},{"type":"Feature","geometry":{"type":"Point","coordinates":[-52.234153,-29.327007]},"properties":{"municipio_id":"4304614","municipio_nome":"Canudos do Vale","regiao_saude":"29 - Vales e Montanhas","macroregiao_saude":"Vales"}},{"type":"Feature","geometry":{"type":"Point","coordinates":[-51.357406,-29.70588]},"properties":{"municipio_id":"4304689","municipio_nome":"Capela de Santana","regiao_saude":"08 - Vale do Caí e Metropolitana","macroregiao_saude":"Metropolitana"}},{"type":"Feature","geometry":{"type":"Point","coordinates":[-51.984321,-29.2832]},"properties":{"municipio_id":"4304697","municipio_nome":"Capitão","regiao_saude":"29 - Vales e Montanhas","macroregiao_saude":"Vales"}},{"type":"Feature","geometry":{"type":"Point","coordinates":[-50.511836,-30.134844]},"properties":{"municipio_id":"4304671","municipio_nome":"Capivari do Sul","regiao_saude":"05 - Bons Ventos","macroregiao_saude":"Metropolitana"}},{"type":"Feature","geometry":{"type":"Point","coordinates":[-51.389166,-28.152387]},"properties":{"municipio_id":"4304622","municipio_nome":"Capão Bonito do Sul","regiao_saude":"18 - Araucárias","macroregiao_saude":"Norte"}},{"type":"Feature","geometry":{"type":"Point","coordinates":[-49.999808,-29.679761]},"properties":{"municipio_id":"4304630","municipio_nome":"Capão da Canoa","regiao_saude":"04 - Belas Praias ","macroregiao_saude":"Metropolitana"}},{"type":"Feature","geometry":{"type":"Point","coordinates":[-54.582399,-28.959293]},"properties":{"municipio_id":"4304655","municipio_nome":"Capão do Cipó","regiao_saude":"02 - Entre Rios ","macroregiao_saude":"Centro-Oeste"}},{"type":"Feature","geometry":{"type":"Point","coordinates":[-52.538256,-31.833342]},"properties":{"municipio_id":"4304663","municipio_nome":"Capão do Leão","regiao_saude":"21- Região Sul ","macroregiao_saude":"Sul"}},{"type":"Feature","geometry":{"type":"Point","coordinates":[-52.863609,-28.277871]},"properties":{"municipio_id":"4304705","municipio_nome":"Carazinho","regiao_saude":"17 - Planalto","macroregiao_saude":"Norte"}},{"type":"Feature","geometry":{"type":"Point","coordinates":[-50.341769,-29.772195]},"properties":{"municipio_id":"4304713","municipio_nome":"Caraá","regiao_saude":"05 - Bons Ventos","macroregiao_saude":"Metropolitana"}},{"type":"Feature","geometry":{"type":"Point","coordinates":[-51.503177,-29.321364]},"properties":{"municipio_id":"4304804","municipio_nome":"Carlos Barbosa","regiao_saude":"25 - Vinhedos e Basalto","macroregiao_saude":"Serra"}},{"type":"Feature","geometry":{"type":"Point","coordinates":[-51.92976,-27.70432]},"properties":{"municipio_id":"4304853","municipio_nome":"Carlos Gomes","regiao_saude":"16 - Alto Uruguai Gaúcho","macroregiao_saude":"Norte"}},{"type":"Feature","geometry":{"type":"Point","coordinates":[-51.967203,-28.594386]},"properties":{"municipio_id":"4304903","municipio_nome":"Casca","regiao_saude":"17 - Planalto","macroregiao_saude":"Norte"}},{"type":"Feature","geometry":{"type":"Point","coordinates":[-51.736956,-28.248416]},"properties":{"municipio_id":"4304952","municipio_nome":"Caseiros","regiao_saude":"18 - Araucárias","macroregiao_saude":"Norte"}},{"type":"Feature","geometry":{"type":"Point","coordinates":[-54.034368,-28.168484]},"properties":{"municipio_id":"4305009","municipio_nome":"Catuípe","regiao_saude":"13 - Diversidade","macroregiao_saude":"Missioneira"}},{"type":"Feature","geometry":{"type":"Point","coordinates":[-51.023674,-29.102193]},"properties":{"municipio_id":"4305108","municipio_nome":"Caxias do Sul","regiao_saude":"23 - Caxias e Hortênsias","macroregiao_saude":"Serra"}},{"type":"Feature","geometry":{"type":"Point","coordinates":[-53.477827,-30.593392]},"properties":{"municipio_id":"4302808","municipio_nome":"Caçapava do Sul","regiao_saude":"27 - Jacuí Centro","macroregiao_saude":"Vales"}},{"type":"Feature","geometry":{"type":"Point","coordinates":[-52.003089,-27.775438]},"properties":{"municipio_id":"4305116","municipio_nome":"Centenário","regiao_saude":"16 - Alto Uruguai Gaúcho","macroregiao_saude":"Norte"}},{"type":"Feature","geometry":{"type":"Point","coordinates":[-52.79599,-31.729711]},"properties":{"municipio_id":"4305124","municipio_nome":"Cerrito","regiao_saude":"21- Região Sul ","macroregiao_saude":"Sul"}},{"type":"Feature","geometry":{"type":"Point","coordinates":[-52.995477,-29.627059]},"properties":{"municipio_id":"4305132","municipio_nome":"Cerro Branco","regiao_saude":"27 - Jacuí Centro","macroregiao_saude":"Vales"}},{"type":"Feature","geometry":{"type":"Point","coordinates":[-53.163088,-27.62855]},"properties":{"municipio_id":"4305157","municipio_nome":"Cerro Grande","regiao_saude":"20 - Rota da Produção ","macroregiao_saude":"Norte"}},{"type":"Feature","geometry":{"type":"Point","coordinates":[-51.760236,-30.583929]},"properties":{"municipio_id":"4305173","municipio_nome":"Cerro Grande do Sul","regiao_saude":"09 - Carbonífera/Costa Doce","macroregiao_saude":"Metropolitana"}},{"type":"Feature","geometry":{"type":"Point","coordinates":[-54.739408,-28.13097]},"properties":{"municipio_id":"4305207","municipio_nome":"Cerro Largo","regiao_saude":"11 - Sete Povos das Missões","macroregiao_saude":"Missioneira"}},{"type":"Feature","geometry":{"type":"Point","coordinates":[-53.115081,-28.096908]},"properties":{"municipio_id":"4305306","municipio_nome":"Chapada","regiao_saude":"20 - Rota da Produção ","macroregiao_saude":"Norte"}},{"type":"Feature","geometry":{"type":"Point","coordinates":[-51.55621,-29.990202]},"properties":{"municipio_id":"4305355","municipio_nome":"Charqueadas","regiao_saude":"09 - Carbonífera/Costa Doce","macroregiao_saude":"Metropolitana"}},{"type":"Feature","geometry":{"type":"Point","coordinates":[-52.000443,-27.945019]},"properties":{"municipio_id":"4305371","municipio_nome":"Charrua","regiao_saude":"16 - Alto Uruguai Gaúcho","macroregiao_saude":"Norte"}},{"type":"Feature","geometry":{"type":"Point","coordinates":[-53.909849,-27.986493]},"properties":{"municipio_id":"4305405","municipio_nome":"Chiapetta","regiao_saude":"13 - Diversidade","macroregiao_saude":"Missioneira"}},{"type":"Feature","geometry":{"type":"Point","coordinates":[-52.004766,-30.781983]},"properties":{"municipio_id":"4305447","municipio_nome":"Chuvisca","regiao_saude":"09 - Carbonífera/Costa Doce","macroregiao_saude":"Metropolitana"}},{"type":"Feature","geometry":{"type":"Point","coordinates":[-53.412735,-33.652537]},"properties":{"municipio_id":"4305439","municipio_nome":"Chuí","regiao_saude":"21- Região Sul ","macroregiao_saude":"Sul"}},{"type":"Feature","geometry":{"type":"Point","coordinates":[-50.272192,-30.121019]},"properties":{"municipio_id":"4305454","municipio_nome":"Cidreira","regiao_saude":"05 - Bons Ventos","macroregiao_saude":"Metropolitana"}},{"type":"Feature","geometry":{"type":"Point","coordinates":[-51.917643,-28.346205]},"properties":{"municipio_id":"4305504","municipio_nome":"Ciríaco","regiao_saude":"17 - Planalto","macroregiao_saude":"Norte"}},{"type":"Feature","geometry":{"type":"Point","coordinates":[-51.865577,-29.391764]},"properties":{"municipio_id":"4305587","municipio_nome":"Colinas","regiao_saude":"30 - Vale da Luz ","macroregiao_saude":"Vales"}},{"type":"Feature","geometry":{"type":"Point","coordinates":[-52.991353,-28.472444]},"properties":{"municipio_id":"4305603","municipio_nome":"Colorado","regiao_saude":"12 - Portal das Missões","macroregiao_saude":"Missioneira"}},{"type":"Feature","geometry":{"type":"Point","coordinates":[-53.493908,-28.165503]},"properties":{"municipio_id":"4305702","municipio_nome":"Condor","regiao_saude":"13 - Diversidade","macroregiao_saude":"Missioneira"}},{"type":"Feature","geometry":{"type":"Point","coordinates":[-52.990308,-27.689265]},"properties":{"municipio_id":"4305801","municipio_nome":"Constantina","regiao_saude":"20 - Rota da Produção ","macroregiao_saude":"Norte"}},{"type":"Feature","geometry":{"type":"Point","coordinates":[-52.126418,-29.168133]},"properties":{"municipio_id":"4305835","municipio_nome":"Coqueiro Baixo","regiao_saude":"29 - Vales e Montanhas","macroregiao_saude":"Vales"}},{"type":"Feature","geometry":{"type":"Point","coordinates":[-52.759187,-28.130814]},"properties":{"municipio_id":"4305850","municipio_nome":"Coqueiros do Sul","regiao_saude":"17 - Planalto","macroregiao_saude":"Norte"}},{"type":"Feature","geometry":{"type":"Point","coordinates":[-54.060322,-28.403868]},"properties":{"municipio_id":"4305871","municipio_nome":"Coronel Barros","regiao_saude":"13 - Diversidade","macroregiao_saude":"Missioneira"}},{"type":"Feature","geometry":{"type":"Point","coordinates":[-53.646351,-27.797703]},"properties":{"municipio_id":"4305900","municipio_nome":"Coronel Bicaco","regiao_saude":"20 - Rota da Produção ","macroregiao_saude":"Norte"}},{"type":"Feature","geometry":{"type":"Point","coordinates":[-51.720399,-29.262617]},"properties":{"municipio_id":"4305934","municipio_nome":"Coronel Pilar","regiao_saude":"25 - Vinhedos e Basalto","macroregiao_saude":"Serra"}},{"type":"Feature","geometry":{"type":"Point","coordinates":[-51.689246,-28.995443]},"properties":{"municipio_id":"4305959","municipio_nome":"Cotiporã","regiao_saude":"25 - Vinhedos e Basalto","macroregiao_saude":"Serra"}},{"type":"Feature","geometry":{"type":"Point","coordinates":[-52.332614,-28.12173]},"properties":{"municipio_id":"4305975","municipio_nome":"Coxilha","regiao_saude":"17 - Planalto","macroregiao_saude":"Norte"}},{"type":"Feature","geometry":{"type":"Point","coordinates":[-54.136633,-27.48746]},"properties":{"municipio_id":"4306007","municipio_nome":"Crissiumal","regiao_saude":"13 - Diversidade","macroregiao_saude":"Missioneira"}},{"type":"Feature","geometry":{"type":"Point","coordinates":[-52.030388,-31.009003]},"properties":{"municipio_id":"4306056","municipio_nome":"Cristal","regiao_saude":"09 - Carbonífera/Costa Doce","macroregiao_saude":"Metropolitana"}},{"type":"Feature","geometry":{"type":"Point","coordinates":[-53.248556,-27.432421]},"properties":{"municipio_id":"4306072","municipio_nome":"Cristal do Sul","regiao_saude":"15 - Caminho das águas","macroregiao_saude":"Norte"}},{"type":"Feature","geometry":{"type":"Point","coordinates":[-53.56257,-28.702975]},"properties":{"municipio_id":"4306106","municipio_nome":"Cruz Alta","regiao_saude":"12 - Portal das Missões","macroregiao_saude":"Missioneira"}},{"type":"Feature","geometry":{"type":"Point","coordinates":[-52.644018,-27.62734]},"properties":{"municipio_id":"4306130","municipio_nome":"Cruzaltense","regiao_saude":"16 - Alto Uruguai Gaúcho","macroregiao_saude":"Norte"}},{"type":"Feature","geometry":{"type":"Point","coordinates":[-52.033616,-29.540564]},"properties":{"municipio_id":"4306205","municipio_nome":"Cruzeiro do Sul","regiao_saude":"29 - Vales e Montanhas","macroregiao_saude":"Vales"}},{"type":"Feature","geometry":{"type":"Point","coordinates":[-54.719478,-27.933714]},"properties":{"municipio_id":"4304309","municipio_nome":"Cândido Godói","regiao_saude":"14 - Fronteira Noroeste","macroregiao_saude":"Missioneira"}},{"type":"Feature","geometry":{"type":"Point","coordinates":[-51.8123,-28.416408]},"properties":{"municipio_id":"4306304","municipio_nome":"David Canabarro","regiao_saude":"17 - Planalto","macroregiao_saude":"Norte"}},{"type":"Feature","geometry":{"type":"Point","coordinates":[-53.89344,-27.24027]},"properties":{"municipio_id":"4306320","municipio_nome":"Derrubadas","regiao_saude":"15 - Caminho das águas","macroregiao_saude":"Norte"}},{"type":"Feature","geometry":{"type":"Point","coordinates":[-55.079629,-28.204691]},"properties":{"municipio_id":"4306353","municipio_nome":"Dezesseis de Novembro","regiao_saude":"11 - Sete Povos das Missões","macroregiao_saude":"Missioneira"}},{"type":"Feature","geometry":{"type":"Point","coordinates":[-54.163233,-29.813445]},"properties":{"municipio_id":"4306379","municipio_nome":"Dilermando de Aguiar","regiao_saude":"01 - Verdes Campos","macroregiao_saude":"Centro-Oeste"}},{"type":"Feature","geometry":{"type":"Point","coordinates":[-51.090264,-29.599483]},"properties":{"municipio_id":"4306403","municipio_nome":"Dois Irmãos","regiao_saude":"07 - Vale dos Sinos","macroregiao_saude":"Metropolitana"}},{"type":"Feature","geometry":{"type":"Point","coordinates":[-53.495961,-27.676192]},"properties":{"municipio_id":"4306429","municipio_nome":"Dois Irmãos das Missões","regiao_saude":"20 - Rota da Produção ","macroregiao_saude":"Norte"}},{"type":"Feature","geometry":{"type":"Point","coordinates":[-51.843175,-28.976631]},"properties":{"municipio_id":"4306452","municipio_nome":"Dois Lajeados","regiao_saude":"29 - Vales e Montanhas","macroregiao_saude":"Vales"}},{"type":"Feature","geometry":{"type":"Point","coordinates":[-52.201476,-30.60438]},"properties":{"municipio_id":"4306502","municipio_nome":"Dom Feliciano","regiao_saude":"09 - Carbonífera/Costa Doce","macroregiao_saude":"Metropolitana"}},{"type":"Feature","geometry":{"type":"Point","coordinates":[-54.665105,-31.057088]},"properties":{"municipio_id":"4306601","municipio_nome":"Dom Pedrito","regiao_saude":"22 - Pampa","macroregiao_saude":"Sul"}},{"type":"Feature","geometry":{"type":"Point","coordinates":[-49.855391,-29.36758]},"properties":{"municipio_id":"4306551","municipio_nome":"Dom Pedro de Alcântara","regiao_saude":"04 - Belas Praias ","macroregiao_saude":"Metropolitana"}},{"type":"Feature","geometry":{"type":"Point","coordinates":[-53.346402,-29.560538]},"properties":{"municipio_id":"4306700","municipio_nome":"Dona Francisca","regiao_saude":"01 - Verdes Campos","macroregiao_saude":"Centro-Oeste"}},{"type":"Feature","geometry":{"type":"Point","coordinates":[-54.367527,-27.486855]},"properties":{"municipio_id":"4306734","municipio_nome":"Doutor Maurício Cardoso","regiao_saude":"14 - Fronteira Noroeste","macroregiao_saude":"Missioneira"}},{"type":"Feature","geometry":{"type":"Point","coordinates":[-51.976696,-29.091923]},"properties":{"municipio_id":"4306759","municipio_nome":"Doutor Ricardo","regiao_saude":"29 - Vales e Montanhas","macroregiao_saude":"Vales"}},{"type":"Feature","geometry":{"type":"Point","coordinates":[-51.499171,-30.078124]},"properties":{"municipio_id":"4306767","municipio_nome":"Eldorado do Sul","regiao_saude":"09 - Carbonífera/Costa Doce","macroregiao_saude":"Metropolitana"}},{"type":"Feature","geometry":{"type":"Point","coordinates":[-51.921827,-29.212957]},"properties":{"municipio_id":"4306809","municipio_nome":"Encantado","regiao_saude":"29 - Vales e Montanhas","macroregiao_saude":"Vales"}},{"type":"Feature","geometry":{"type":"Point","coordinates":[-52.672179,-30.630024]},"properties":{"municipio_id":"4306908","municipio_nome":"Encruzilhada do Sul","regiao_saude":"27 - Jacuí Centro","macroregiao_saude":"Vales"}},{"type":"Feature","geometry":{"type":"Point","coordinates":[-52.908728,-27.684773]},"properties":{"municipio_id":"4306924","municipio_nome":"Engenho Velho","regiao_saude":"20 - Rota da Produção ","macroregiao_saude":"Norte"}},{"type":"Feature","geometry":{"type":"Point","coordinates":[-52.726886,-27.519029]},"properties":{"municipio_id":"4306957","municipio_nome":"Entre Rios do Sul","regiao_saude":"16 - Alto Uruguai Gaúcho","macroregiao_saude":"Norte"}},{"type":"Feature","geometry":{"type":"Point","coordinates":[-54.301872,-28.459549]},"properties":{"municipio_id":"4306932","municipio_nome":"Entre-Ijuís","regiao_saude":"11 - Sete Povos das Missões","macroregiao_saude":"Missioneira"}},{"type":"Feature","geometry":{"type":"Point","coordinates":[-52.31848,-27.829226]},"properties":{"municipio_id":"4306973","municipio_nome":"Erebango","regiao_saude":"16 - Alto Uruguai Gaúcho","macroregiao_saude":"Norte"}},{"type":"Feature","geometry":{"type":"Point","coordinates":[-52.257452,-27.643245]},"properties":{"municipio_id":"4307005","municipio_nome":"Erechim","regiao_saude":"16 - Alto Uruguai Gaúcho","macroregiao_saude":"Norte"}},{"type":"Feature","geometry":{"type":"Point","coordinates":[-52.554393,-28.420671]},"properties":{"municipio_id":"4307054","municipio_nome":"Ernestina","regiao_saude":"17 - Planalto","macroregiao_saude":"Norte"}},{"type":"Feature","geometry":{"type":"Point","coordinates":[-52.580852,-27.351391]},"properties":{"municipio_id":"4307203","municipio_nome":"Erval Grande","regiao_saude":"16 - Alto Uruguai Gaúcho","macroregiao_saude":"Norte"}},{"type":"Feature","geometry":{"type":"Point","coordinates":[-53.518722,-27.514063]},"properties":{"municipio_id":"4307302","municipio_nome":"Erval Seco","regiao_saude":"15 - Caminho das águas","macroregiao_saude":"Norte"}},{"type":"Feature","geometry":{"type":"Point","coordinates":[-51.170044,-28.037618]},"properties":{"municipio_id":"4307401","municipio_nome":"Esmeralda","regiao_saude":"24 - Campos de Cima da Serra","macroregiao_saude":"Serra"}},{"type":"Feature","geometry":{"type":"Point","coordinates":[-54.009138,-27.328222]},"properties":{"municipio_id":"4307450","municipio_nome":"Esperança do Sul","regiao_saude":"15 - Caminho das águas","macroregiao_saude":"Norte"}},{"type":"Feature","geometry":{"type":"Point","coordinates":[-52.82716,-28.86412]},"properties":{"municipio_id":"4307500","municipio_nome":"Espumoso","regiao_saude":"19 - Botucaruí","macroregiao_saude":"Norte"}},{"type":"Feature","geometry":{"type":"Point","coordinates":[-52.290245,-27.928544]},"properties":{"municipio_id":"4307559","municipio_nome":"Estação","regiao_saude":"16 - Alto Uruguai Gaúcho","macroregiao_saude":"Norte"}},{"type":"Feature","geometry":{"type":"Point","coordinates":[-51.176797,-29.851747]},"properties":{"municipio_id":"4307708","municipio_nome":"Esteio","regiao_saude":"08 - Vale do Caí e Metropolitana","macroregiao_saude":"Metropolitana"}},{"type":"Feature","geometry":{"type":"Point","coordinates":[-51.91988,-29.508822]},"properties":{"municipio_id":"4307807","municipio_nome":"Estrela","regiao_saude":"30 - Vale da Luz ","macroregiao_saude":"Vales"}},{"type":"Feature","geometry":{"type":"Point","coordinates":[-53.178281,-29.224026]},"properties":{"municipio_id":"4307815","municipio_nome":"Estrela Velha","regiao_saude":"27 - Jacuí Centro","macroregiao_saude":"Vales"}},{"type":"Feature","geometry":{"type":"Point","coordinates":[-51.188211,-29.647604]},"properties":{"municipio_id":"4307609","municipio_nome":"Estância Velha","regiao_saude":"07 - Vale dos Sinos","macroregiao_saude":"Metropolitana"}},{"type":"Feature","geometry":{"type":"Point","coordinates":[-54.245024,-28.565558]},"properties":{"municipio_id":"4307831","municipio_nome":"Eugênio de Castro","regiao_saude":"11 - Sete Povos das Missões","macroregiao_saude":"Missioneira"}},{"type":"Feature","geometry":{"type":"Point","coordinates":[-51.717487,-28.886579]},"properties":{"municipio_id":"4307864","municipio_nome":"Fagundes Varela","regiao_saude":"25 - Vinhedos e Basalto","macroregiao_saude":"Serra"}},{"type":"Feature","geometry":{"type":"Point","coordinates":[-51.365934,-29.209866]},"properties":{"municipio_id":"4307906","municipio_nome":"Farroupilha","regiao_saude":"26 - Uva Vale","macroregiao_saude":"Serra"}},{"type":"Feature","geometry":{"type":"Point","coordinates":[-53.462883,-29.557934]},"properties":{"municipio_id":"4308003","municipio_nome":"Faxinal do Soturno","regiao_saude":"01 - Verdes Campos","macroregiao_saude":"Centro-Oeste"}},{"type":"Feature","geometry":{"type":"Point","coordinates":[-52.676189,-27.375295]},"properties":{"municipio_id":"4308052","municipio_nome":"Faxinalzinho","regiao_saude":"16 - Alto Uruguai Gaúcho","macroregiao_saude":"Norte"}},{"type":"Feature","geometry":{"type":"Point","coordinates":[-51.838538,-29.589125]},"properties":{"municipio_id":"4308078","municipio_nome":"Fazenda Vilanova","regiao_saude":"30 - Vale da Luz ","macroregiao_saude":"Vales"}},{"type":"Feature","geometry":{"type":"Point","coordinates":[-51.284876,-29.455176]},"properties":{"municipio_id":"4308102","municipio_nome":"Feliz","regiao_saude":"26 - Uva Vale","macroregiao_saude":"Serra"}},{"type":"Feature","geometry":{"type":"Point","coordinates":[-51.221136,-29.031528]},"properties":{"municipio_id":"4308201","municipio_nome":"Flores da Cunha","regiao_saude":"26 - Uva Vale","macroregiao_saude":"Serra"}},{"type":"Feature","geometry":{"type":"Point","coordinates":[-52.045339,-27.857824]},"properties":{"municipio_id":"4308250","municipio_nome":"Floriano Peixoto","regiao_saude":"16 - Alto Uruguai Gaúcho","macroregiao_saude":"Norte"}},{"type":"Feature","geometry":{"type":"Point","coordinates":[-52.377969,-29.00855]},"properties":{"municipio_id":"4308300","municipio_nome":"Fontoura Xavier","regiao_saude":"19 - Botucaruí","macroregiao_saude":"Norte"}},{"type":"Feature","geometry":{"type":"Point","coordinates":[-53.506207,-29.975461]},"properties":{"municipio_id":"4308409","municipio_nome":"Formigueiro","regiao_saude":"01 - Verdes Campos","macroregiao_saude":"Centro-Oeste"}},{"type":"Feature","geometry":{"type":"Point","coordinates":[-52.125778,-29.388513]},"properties":{"municipio_id":"4308433","municipio_nome":"Forquetinha","regiao_saude":"29 - Vales e Montanhas","macroregiao_saude":"Vales"}},{"type":"Feature","geometry":{"type":"Point","coordinates":[-53.275884,-28.895124]},"properties":{"municipio_id":"4308458","municipio_nome":"Fortaleza dos Valos","regiao_saude":"12 - Portal das Missões","macroregiao_saude":"Missioneira"}},{"type":"Feature","geometry":{"type":"Point","coordinates":[-53.359853,-27.340516]},"properties":{"municipio_id":"4308508","municipio_nome":"Frederico Westphalen","regiao_saude":"15 - Caminho das águas","macroregiao_saude":"Norte"}},{"type":"Feature","geometry":{"type":"Point","coordinates":[-51.582256,-29.240826]},"properties":{"municipio_id":"4308607","municipio_nome":"Garibaldi","regiao_saude":"25 - Vinhedos e Basalto","macroregiao_saude":"Serra"}},{"type":"Feature","geometry":{"type":"Point","coordinates":[-55.538689,-28.233862]},"properties":{"municipio_id":"4308656","municipio_nome":"Garruchos","regiao_saude":"11 - Sete Povos das Missões","macroregiao_saude":"Missioneira"}},{"type":"Feature","geometry":{"type":"Point","coordinates":[-52.115516,-27.598696]},"properties":{"municipio_id":"4308706","municipio_nome":"Gaurama","regiao_saude":"16 - Alto Uruguai Gaúcho","macroregiao_saude":"Norte"}},{"type":"Feature","geometry":{"type":"Point","coordinates":[-51.916294,-29.865367]},"properties":{"municipio_id":"4308805","municipio_nome":"General Câmara","regiao_saude":"09 - Carbonífera/Costa Doce","macroregiao_saude":"Metropolitana"}},{"type":"Feature","geometry":{"type":"Point","coordinates":[-52.039579,-28.386203]},"properties":{"municipio_id":"4308854","municipio_nome":"Gentil","regiao_saude":"17 - Planalto","macroregiao_saude":"Norte"}},{"type":"Feature","geometry":{"type":"Point","coordinates":[-52.180542,-27.852108]},"properties":{"municipio_id":"4308904","municipio_nome":"Getúlio Vargas","regiao_saude":"16 - Alto Uruguai Gaúcho","macroregiao_saude":"Norte"}},{"type":"Feature","geometry":{"type":"Point","coordinates":[-54.29911,-28.030003]},"properties":{"municipio_id":"4309001","municipio_nome":"Giruá","regiao_saude":"14 - Fronteira Noroeste","macroregiao_saude":"Missioneira"}},{"type":"Feature","geometry":{"type":"Point","coordinates":[-50.770681,-29.88646]},"properties":{"municipio_id":"4309050","municipio_nome":"Glorinha","regiao_saude":"10 - Capital e Vale do Gravataí","macroregiao_saude":"Metropolitana"}},{"type":"Feature","geometry":{"type":"Point","coordinates":[-50.896866,-29.386047]},"properties":{"municipio_id":"4309100","municipio_nome":"Gramado","regiao_saude":"23 - Caxias e Hortênsias","macroregiao_saude":"Serra"}},{"type":"Feature","geometry":{"type":"Point","coordinates":[-52.600683,-29.28899]},"properties":{"municipio_id":"4309159","municipio_nome":"Gramado Xavier","regiao_saude":"28 - Vale do Rio Pardo ","macroregiao_saude":"Vales"}},{"type":"Feature","geometry":{"type":"Point","coordinates":[-52.914916,-27.445687]},"properties":{"municipio_id":"4309126","municipio_nome":"Gramado dos Loureiros","regiao_saude":"20 - Rota da Produção ","macroregiao_saude":"Norte"}},{"type":"Feature","geometry":{"type":"Point","coordinates":[-50.947046,-29.889473]},"properties":{"municipio_id":"4309209","municipio_nome":"Gravataí","regiao_saude":"10 - Capital e Vale do Gravataí","macroregiao_saude":"Metropolitana"}},{"type":"Feature","geometry":{"type":"Point","coordinates":[-51.65979,-28.577607]},"properties":{"municipio_id":"4309258","municipio_nome":"Guabiju","regiao_saude":"25 - Vinhedos e Basalto","macroregiao_saude":"Serra"}},{"type":"Feature","geometry":{"type":"Point","coordinates":[-51.90438,-28.855]},"properties":{"municipio_id":"4309407","municipio_nome":"Guaporé","regiao_saude":"25 - Vinhedos e Basalto","macroregiao_saude":"Serra"}},{"type":"Feature","geometry":{"type":"Point","coordinates":[-54.586452,-28.167955]},"properties":{"municipio_id":"4309506","municipio_nome":"Guarani das Missões","regiao_saude":"11 - Sete Povos das Missões","macroregiao_saude":"Missioneira"}},{"type":"Feature","geometry":{"type":"Point","coordinates":[-51.434195,-30.177316]},"properties":{"municipio_id":"4309308","municipio_nome":"Guaíba","regiao_saude":"09 - Carbonífera/Costa Doce","macroregiao_saude":"Metropolitana"}},{"type":"Feature","geometry":{"type":"Point","coordinates":[-51.426313,-29.545665]},"properties":{"municipio_id":"4309555","municipio_nome":"Harmonia","regiao_saude":"08 - Vale do Caí e Metropolitana","macroregiao_saude":"Metropolitana"}},{"type":"Feature","geometry":{"type":"Point","coordinates":[-53.401482,-32.020906]},"properties":{"municipio_id":"4307104","municipio_nome":"Herval","regiao_saude":"21- Região Sul ","macroregiao_saude":"Sul"}},{"type":"Feature","geometry":{"type":"Point","coordinates":[-52.669355,-29.441509]},"properties":{"municipio_id":"4309571","municipio_nome":"Herveiras","regiao_saude":"28 - Vale do Rio Pardo ","macroregiao_saude":"Vales"}},{"type":"Feature","geometry":{"type":"Point","coordinates":[-54.298703,-27.590281]},"properties":{"municipio_id":"4309605","municipio_nome":"Horizontina","regiao_saude":"14 - Fronteira Noroeste","macroregiao_saude":"Missioneira"}},{"type":"Feature","geometry":{"type":"Point","coordinates":[-53.889477,-31.447733]},"properties":{"municipio_id":"4309654","municipio_nome":"Hulha Negra","regiao_saude":"22 - Pampa","macroregiao_saude":"Sul"}},{"type":"Feature","geometry":{"type":"Point","coordinates":[-53.979895,-27.57421]},"properties":{"municipio_id":"4309704","municipio_nome":"Humaitá","regiao_saude":"13 - Diversidade","macroregiao_saude":"Missioneira"}},{"type":"Feature","geometry":{"type":"Point","coordinates":[-53.166145,-29.41826]},"properties":{"municipio_id":"4309753","municipio_nome":"Ibarama","regiao_saude":"27 - Jacuí Centro","macroregiao_saude":"Vales"}},{"type":"Feature","geometry":{"type":"Point","coordinates":[-51.787524,-28.10211]},"properties":{"municipio_id":"4309803","municipio_nome":"Ibiaçá","regiao_saude":"18 - Araucárias","macroregiao_saude":"Norte"}},{"type":"Feature","geometry":{"type":"Point","coordinates":[-51.627222,-28.379525]},"properties":{"municipio_id":"4309902","municipio_nome":"Ibiraiaras","regiao_saude":"18 - Araucárias","macroregiao_saude":"Norte"}},{"type":"Feature","geometry":{"type":"Point","coordinates":[-52.442766,-28.625172]},"properties":{"municipio_id":"4309951","municipio_nome":"Ibirapuitã","regiao_saude":"19 - Botucaruí","macroregiao_saude":"Norte"}},{"type":"Feature","geometry":{"type":"Point","coordinates":[-53.172335,-28.594962]},"properties":{"municipio_id":"4310009","municipio_nome":"Ibirubá","regiao_saude":"12 - Portal das Missões","macroregiao_saude":"Missioneira"}},{"type":"Feature","geometry":{"type":"Point","coordinates":[-50.794752,-29.560748]},"properties":{"municipio_id":"4310108","municipio_nome":"Igrejinha","regiao_saude":"06 - Vale do Paranha e Costa Serra","macroregiao_saude":"Metropolitana"}},{"type":"Feature","geometry":{"type":"Point","coordinates":[-53.894883,-28.320449]},"properties":{"municipio_id":"4310207","municipio_nome":"Ijuí","regiao_saude":"13 - Diversidade","macroregiao_saude":"Missioneira"}},{"type":"Feature","geometry":{"type":"Point","coordinates":[-52.132384,-28.932383]},"properties":{"municipio_id":"4310306","municipio_nome":"Ilópolis","regiao_saude":"29 - Vales e Montanhas","macroregiao_saude":"Vales"}},{"type":"Feature","geometry":{"type":"Point","coordinates":[-50.117715,-29.930627]},"properties":{"municipio_id":"4310330","municipio_nome":"Imbé","regiao_saude":"05 - Bons Ventos","macroregiao_saude":"Metropolitana"}},{"type":"Feature","geometry":{"type":"Point","coordinates":[-51.774234,-29.344794]},"properties":{"municipio_id":"4310363","municipio_nome":"Imigrante","regiao_saude":"30 - Vale da Luz ","macroregiao_saude":"Vales"}},{"type":"Feature","geometry":{"type":"Point","coordinates":[-54.180445,-27.901194]},"properties":{"municipio_id":"4310405","municipio_nome":"Independência","regiao_saude":"14 - Fronteira Noroeste","macroregiao_saude":"Missioneira"}},{"type":"Feature","geometry":{"type":"Point","coordinates":[-54.030551,-27.902508]},"properties":{"municipio_id":"4310413","municipio_nome":"Inhacorá","regiao_saude":"13 - Diversidade","macroregiao_saude":"Missioneira"}},{"type":"Feature","geometry":{"type":"Point","coordinates":[-52.418562,-27.931151]},"properties":{"municipio_id":"4310462","municipio_nome":"Ipiranga do Sul","regiao_saude":"16 - Alto Uruguai Gaúcho","macroregiao_saude":"Norte"}},{"type":"Feature","geometry":{"type":"Point","coordinates":[-51.29925,-28.717329]},"properties":{"municipio_id":"4310439","municipio_nome":"Ipê","regiao_saude":"26 - Uva Vale","macroregiao_saude":"Serra"}},{"type":"Feature","geometry":{"type":"Point","coordinates":[-53.241557,-27.249337]},"properties":{"municipio_id":"4310504","municipio_nome":"Iraí","regiao_saude":"15 - Caminho das águas","macroregiao_saude":"Norte"}},{"type":"Feature","geometry":{"type":"Point","coordinates":[-53.762039,-29.576948]},"properties":{"municipio_id":"4310538","municipio_nome":"Itaara","regiao_saude":"01 - Verdes Campos","macroregiao_saude":"Centro-Oeste"}},{"type":"Feature","geometry":{"type":"Point","coordinates":[-55.267325,-28.809998]},"properties":{"municipio_id":"4310553","municipio_nome":"Itacurubi","regiao_saude":"02 - Entre Rios ","macroregiao_saude":"Centro-Oeste"}},{"type":"Feature","geometry":{"type":"Point","coordinates":[-52.195567,-28.775739]},"properties":{"municipio_id":"4310579","municipio_nome":"Itapuca","regiao_saude":"19 - Botucaruí","macroregiao_saude":"Norte"}},{"type":"Feature","geometry":{"type":"Point","coordinates":[-56.17566,-29.213734]},"properties":{"municipio_id":"4310603","municipio_nome":"Itaqui","regiao_saude":"03 - Fronteira Oeste","macroregiao_saude":"Centro-Oeste"}},{"type":"Feature","geometry":{"type":"Point","coordinates":[-50.164255,-29.462211]},"properties":{"municipio_id":"4310652","municipio_nome":"Itati","regiao_saude":"04 - Belas Praias ","macroregiao_saude":"Metropolitana"}},{"type":"Feature","geometry":{"type":"Point","coordinates":[-52.477459,-27.356182]},"properties":{"municipio_id":"4310702","municipio_nome":"Itatiba do Sul","regiao_saude":"16 - Alto Uruguai Gaúcho","macroregiao_saude":"Norte"}},{"type":"Feature","geometry":{"type":"Point","coordinates":[-53.583633,-29.513571]},"properties":{"municipio_id":"4310751","municipio_nome":"Ivorá","regiao_saude":"01 - Verdes Campos","macroregiao_saude":"Centro-Oeste"}},{"type":"Feature","geometry":{"type":"Point","coordinates":[-51.157043,-29.580649]},"properties":{"municipio_id":"4310801","municipio_nome":"Ivoti","regiao_saude":"07 - Vale dos Sinos","macroregiao_saude":"Metropolitana"}},{"type":"Feature","geometry":{"type":"Point","coordinates":[-53.264112,-27.629546]},"properties":{"municipio_id":"4310850","municipio_nome":"Jaboticaba","regiao_saude":"20 - Rota da Produção ","macroregiao_saude":"Norte"}},{"type":"Feature","geometry":{"type":"Point","coordinates":[-53.014328,-29.035099]},"properties":{"municipio_id":"4310876","municipio_nome":"Jacuizinho","regiao_saude":"12 - Portal das Missões","macroregiao_saude":"Missioneira"}},{"type":"Feature","geometry":{"type":"Point","coordinates":[-52.547169,-27.78666]},"properties":{"municipio_id":"4310900","municipio_nome":"Jacutinga","regiao_saude":"16 - Alto Uruguai Gaúcho","macroregiao_saude":"Norte"}},{"type":"Feature","geometry":{"type":"Point","coordinates":[-54.647829,-29.458465]},"properties":{"municipio_id":"4311106","municipio_nome":"Jaguari","regiao_saude":"02 - Entre Rios ","macroregiao_saude":"Centro-Oeste"}},{"type":"Feature","geometry":{"type":"Point","coordinates":[-53.335939,-32.409958]},"properties":{"municipio_id":"4311007","municipio_nome":"Jaguarão","regiao_saude":"21- Região Sul ","macroregiao_saude":"Sul"}},{"type":"Feature","geometry":{"type":"Point","coordinates":[-50.361159,-28.948177]},"properties":{"municipio_id":"4311122","municipio_nome":"Jaquirana","regiao_saude":"24 - Campos de Cima da Serra","macroregiao_saude":"Serra"}},{"type":"Feature","geometry":{"type":"Point","coordinates":[-54.298047,-29.291483]},"properties":{"municipio_id":"4311130","municipio_nome":"Jari","regiao_saude":"02 - Entre Rios ","macroregiao_saude":"Centro-Oeste"}},{"type":"Feature","geometry":{"type":"Point","coordinates":[-54.154796,-28.766544]},"properties":{"municipio_id":"4311155","municipio_nome":"Jóia","regiao_saude":"13 - Diversidade","macroregiao_saude":"Missioneira"}},{"type":"Feature","geometry":{"type":"Point","coordinates":[-53.652444,-29.258435]},"properties":{"municipio_id":"4311205","municipio_nome":"Júlio de Castilhos","regiao_saude":"01 - Verdes Campos","macroregiao_saude":"Centro-Oeste"}},{"type":"Feature","geometry":{"type":"Point","coordinates":[-53.041725,-29.502506]},"properties":{"municipio_id":"4311239","municipio_nome":"Lagoa Bonita do Sul","regiao_saude":"27 - Jacuí Centro","macroregiao_saude":"Vales"}},{"type":"Feature","geometry":{"type":"Point","coordinates":[-51.501699,-28.226421]},"properties":{"municipio_id":"4311304","municipio_nome":"Lagoa Vermelha","regiao_saude":"18 - Araucárias","macroregiao_saude":"Norte"}},{"type":"Feature","geometry":{"type":"Point","coordinates":[-52.834132,-28.570945]},"properties":{"municipio_id":"4311270","municipio_nome":"Lagoa dos Três Cantos","regiao_saude":"17 - Planalto","macroregiao_saude":"Norte"}},{"type":"Feature","geometry":{"type":"Point","coordinates":[-52.787481,-29.238107]},"properties":{"municipio_id":"4311254","municipio_nome":"Lagoão","regiao_saude":"19 - Botucaruí","macroregiao_saude":"Norte"}},{"type":"Feature","geometry":{"type":"Point","coordinates":[-52.007267,-29.443522]},"properties":{"municipio_id":"4311403","municipio_nome":"Lajeado","regiao_saude":"29 - Vales e Montanhas","macroregiao_saude":"Vales"}},{"type":"Feature","geometry":{"type":"Point","coordinates":[-53.206029,-27.703273]},"properties":{"municipio_id":"4311429","municipio_nome":"Lajeado do Bugre","regiao_saude":"20 - Rota da Produção ","macroregiao_saude":"Norte"}},{"type":"Feature","geometry":{"type":"Point","coordinates":[-54.153606,-30.772081]},"properties":{"municipio_id":"4311502","municipio_nome":"Lavras do Sul","regiao_saude":"22 - Pampa","macroregiao_saude":"Sul"}},{"type":"Feature","geometry":{"type":"Point","coordinates":[-53.063875,-27.549525]},"properties":{"municipio_id":"4311601","municipio_nome":"Liberato Salzano","regiao_saude":"15 - Caminho das águas","macroregiao_saude":"Norte"}},{"type":"Feature","geometry":{"type":"Point","coordinates":[-51.219626,-29.582603]},"properties":{"municipio_id":"4311627","municipio_nome":"Lindolfo Collor","regiao_saude":"07 - Vale dos Sinos","macroregiao_saude":"Metropolitana"}},{"type":"Feature","geometry":{"type":"Point","coordinates":[-51.215484,-29.459679]},"properties":{"municipio_id":"4311643","municipio_nome":"Linha Nova","regiao_saude":"23 - Caxias e Hortênsias","macroregiao_saude":"Serra"}},{"type":"Feature","geometry":{"type":"Point","coordinates":[-51.673947,-27.587003]},"properties":{"municipio_id":"4311700","municipio_nome":"Machadinho","regiao_saude":"18 - Araucárias","macroregiao_saude":"Norte"}},{"type":"Feature","geometry":{"type":"Point","coordinates":[-50.003065,-29.262368]},"properties":{"municipio_id":"4311734","municipio_nome":"Mampituba","regiao_saude":"04 - Belas Praias ","macroregiao_saude":"Metropolitana"}},{"type":"Feature","geometry":{"type":"Point","coordinates":[-55.556906,-29.42838]},"properties":{"municipio_id":"4311759","municipio_nome":"Manoel Viana","regiao_saude":"03 - Fronteira Oeste","macroregiao_saude":"Centro-Oeste"}},{"type":"Feature","geometry":{"type":"Point","coordinates":[-50.208395,-29.635581]},"properties":{"municipio_id":"4311775","municipio_nome":"Maquiné","regiao_saude":"04 - Belas Praias ","macroregiao_saude":"Metropolitana"}},{"type":"Feature","geometry":{"type":"Point","coordinates":[-51.550283,-29.548173]},"properties":{"municipio_id":"4311791","municipio_nome":"Maratá","regiao_saude":"08 - Vale do Caí e Metropolitana","macroregiao_saude":"Metropolitana"}},{"type":"Feature","geometry":{"type":"Point","coordinates":[-52.268682,-28.455205]},"properties":{"municipio_id":"4311809","municipio_nome":"Marau","regiao_saude":"17 - Planalto","macroregiao_saude":"Norte"}},{"type":"Feature","geometry":{"type":"Point","coordinates":[-51.950647,-27.478515]},"properties":{"municipio_id":"4311908","municipio_nome":"Marcelino Ramos","regiao_saude":"16 - Alto Uruguai Gaúcho","macroregiao_saude":"Norte"}},{"type":"Feature","geometry":{"type":"Point","coordinates":[-51.584299,-30.313976]},"properties":{"municipio_id":"4311981","municipio_nome":"Mariana Pimentel","regiao_saude":"09 - Carbonífera/Costa Doce","macroregiao_saude":"Metropolitana"}},{"type":"Feature","geometry":{"type":"Point","coordinates":[-52.168376,-27.342492]},"properties":{"municipio_id":"4312005","municipio_nome":"Mariano Moro","regiao_saude":"16 - Alto Uruguai Gaúcho","macroregiao_saude":"Norte"}},{"type":"Feature","geometry":{"type":"Point","coordinates":[-52.148787,-29.289317]},"properties":{"municipio_id":"4312054","municipio_nome":"Marques de Souza","regiao_saude":"29 - Vales e Montanhas","macroregiao_saude":"Vales"}},{"type":"Feature","geometry":{"type":"Point","coordinates":[-54.467894,-29.537537]},"properties":{"municipio_id":"4312104","municipio_nome":"Mata","regiao_saude":"02 - Entre Rios ","macroregiao_saude":"Centro-Oeste"}},{"type":"Feature","geometry":{"type":"Point","coordinates":[-52.198882,-28.277646]},"properties":{"municipio_id":"4312138","municipio_nome":"Mato Castelhano","regiao_saude":"17 - Planalto","macroregiao_saude":"Norte"}},{"type":"Feature","geometry":{"type":"Point","coordinates":[-52.136173,-29.524817]},"properties":{"municipio_id":"4312153","municipio_nome":"Mato Leitão","regiao_saude":"28 - Vale do Rio Pardo","macroregiao_saude":"Vales"}},{"type":"Feature","geometry":{"type":"Point","coordinates":[-54.656567,-28.243019]},"properties":{"municipio_id":"4312179","municipio_nome":"Mato Queimado","regiao_saude":"11 - Sete Povos das Missões","macroregiao_saude":"Missioneira"}},{"type":"Feature","geometry":{"type":"Point","coordinates":[-51.815452,-27.603881]},"properties":{"municipio_id":"4312203","municipio_nome":"Maximiliano de Almeida","regiao_saude":"18 - Araucárias","macroregiao_saude":"Norte"}},{"type":"Feature","geometry":{"type":"Point","coordinates":[-55.774962,-29.06619]},"properties":{"municipio_id":"4311718","municipio_nome":"Maçambará","regiao_saude":"03 - Fronteira Oeste","macroregiao_saude":"Centro-Oeste"}},{"type":"Feature","geometry":{"type":"Point","coordinates":[-52.077915,-30.074724]},"properties":{"municipio_id":"4312252","municipio_nome":"Minas do Leão","regiao_saude":"09 - Carbonífera/Costa Doce","macroregiao_saude":"Metropolitana"}},{"type":"Feature","geometry":{"type":"Point","coordinates":[-53.745574,-27.490423]},"properties":{"municipio_id":"4312302","municipio_nome":"Miraguaí","regiao_saude":"20 - Rota da Produção ","macroregiao_saude":"Norte"}},{"type":"Feature","geometry":{"type":"Point","coordinates":[-52.050189,-28.669827]},"properties":{"municipio_id":"4312351","municipio_nome":"Montauri","regiao_saude":"17 - Planalto","macroregiao_saude":"Norte"}},{"type":"Feature","geometry":{"type":"Point","coordinates":[-50.805086,-28.70023]},"properties":{"municipio_id":"4312377","municipio_nome":"Monte Alegre dos Campos","regiao_saude":"24 - Campos de Cima da Serra","macroregiao_saude":"Serra"}},{"type":"Feature","geometry":{"type":"Point","coordinates":[-51.651675,-29.140366]},"properties":{"municipio_id":"4312385","municipio_nome":"Monte Belo do Sul","regiao_saude":"25 - Vinhedos e Basalto","macroregiao_saude":"Serra"}},{"type":"Feature","geometry":{"type":"Point","coordinates":[-51.50297,-29.710093]},"properties":{"municipio_id":"4312401","municipio_nome":"Montenegro","regiao_saude":"08 - Vale do Caí e Metropolitana","macroregiao_saude":"Metropolitana"}},{"type":"Feature","geometry":{"type":"Point","coordinates":[-52.661877,-28.693759]},"properties":{"municipio_id":"4312427","municipio_nome":"Mormaço","regiao_saude":"19 - Botucaruí","macroregiao_saude":"Norte"}},{"type":"Feature","geometry":{"type":"Point","coordinates":[-49.954199,-29.33759]},"properties":{"municipio_id":"4312443","municipio_nome":"Morrinhos do Sul","regiao_saude":"04 - Belas Praias ","macroregiao_saude":"Metropolitana"}},{"type":"Feature","geometry":{"type":"Point","coordinates":[-52.637748,-31.637149]},"properties":{"municipio_id":"4312450","municipio_nome":"Morro Redondo","regiao_saude":"21- Região Sul ","macroregiao_saude":"Sul"}},{"type":"Feature","geometry":{"type":"Point","coordinates":[-51.05144,-29.522171]},"properties":{"municipio_id":"4312476","municipio_nome":"Morro Reuter","regiao_saude":"07 - Vale dos Sinos","macroregiao_saude":"Metropolitana"}},{"type":"Feature","geometry":{"type":"Point","coordinates":[-50.729053,-30.854278]},"properties":{"municipio_id":"4312500","municipio_nome":"Mostardas","regiao_saude":"05 - Bons Ventos","macroregiao_saude":"Metropolitana"}},{"type":"Feature","geometry":{"type":"Point","coordinates":[-51.229648,-28.384951]},"properties":{"municipio_id":"4312617","municipio_nome":"Muitos Capões","regiao_saude":"24 - Campos de Cima da Serra","macroregiao_saude":"Serra"}},{"type":"Feature","geometry":{"type":"Point","coordinates":[-51.776905,-28.32697]},"properties":{"municipio_id":"4312625","municipio_nome":"Muliterno","regiao_saude":"17 - Planalto","macroregiao_saude":"Norte"}},{"type":"Feature","geometry":{"type":"Point","coordinates":[-51.815582,-29.140403]},"properties":{"municipio_id":"4312609","municipio_nome":"Muçum","regiao_saude":"29 - Vales e Montanhas","macroregiao_saude":"Vales"}},{"type":"Feature","geometry":{"type":"Point","coordinates":[-52.448366,-28.520784]},"properties":{"municipio_id":"4312674","municipio_nome":"Nicolau Vergueiro","regiao_saude":"17 - Planalto","macroregiao_saude":"Norte"}},{"type":"Feature","geometry":{"type":"Point","coordinates":[-52.857251,-27.369502]},"properties":{"municipio_id":"4312708","municipio_nome":"Nonoai","regiao_saude":"16 - Alto Uruguai Gaúcho","macroregiao_saude":"Norte"}},{"type":"Feature","geometry":{"type":"Point","coordinates":[-52.171417,-28.708009]},"properties":{"municipio_id":"4312757","municipio_nome":"Nova Alvorada","regiao_saude":"17 - Planalto","macroregiao_saude":"Norte"}},{"type":"Feature","geometry":{"type":"Point","coordinates":[-51.74633,-28.651234]},"properties":{"municipio_id":"4312807","municipio_nome":"Nova Araçá","regiao_saude":"25 - Vinhedos e Basalto","macroregiao_saude":"Serra"}},{"type":"Feature","geometry":{"type":"Point","coordinates":[-51.754133,-28.726]},"properties":{"municipio_id":"4312906","municipio_nome":"Nova Bassano","regiao_saude":"25 - Vinhedos e Basalto","macroregiao_saude":"Serra"}},{"type":"Feature","geometry":{"type":"Point","coordinates":[-52.979518,-27.996819]},"properties":{"municipio_id":"4312955","municipio_nome":"Nova Boa Vista","regiao_saude":"20 - Rota da Produção ","macroregiao_saude":"Norte"}},{"type":"Feature","geometry":{"type":"Point","coordinates":[-52.035264,-29.222071]},"properties":{"municipio_id":"4313003","municipio_nome":"Nova Bréscia","regiao_saude":"29 - Vales e Montanhas","macroregiao_saude":"Vales"}},{"type":"Feature","geometry":{"type":"Point","coordinates":[-54.125455,-27.595262]},"properties":{"municipio_id":"4313011","municipio_nome":"Nova Candelária","regiao_saude":"14 - Fronteira Noroeste","macroregiao_saude":"Missioneira"}},{"type":"Feature","geometry":{"type":"Point","coordinates":[-54.821541,-29.403339]},"properties":{"municipio_id":"4313037","municipio_nome":"Nova Esperança do Sul","regiao_saude":"02 - Entre Rios ","macroregiao_saude":"Centro-Oeste"}},{"type":"Feature","geometry":{"type":"Point","coordinates":[-50.899209,-29.585481]},"properties":{"municipio_id":"4313060","municipio_nome":"Nova Hartz","regiao_saude":"07 - Vale dos Sinos","macroregiao_saude":"Metropolitana"}},{"type":"Feature","geometry":{"type":"Point","coordinates":[-53.416239,-29.433323]},"properties":{"municipio_id":"4313102","municipio_nome":"Nova Palma","regiao_saude":"01 - Verdes Campos","macroregiao_saude":"Centro-Oeste"}},{"type":"Feature","geometry":{"type":"Point","coordinates":[-51.085112,-29.372083]},"properties":{"municipio_id":"4313201","municipio_nome":"Nova Petrópolis","regiao_saude":"23 - Caxias e Hortênsias","macroregiao_saude":"Serra"}},{"type":"Feature","geometry":{"type":"Point","coordinates":[-51.608228,-28.760726]},"properties":{"municipio_id":"4313300","municipio_nome":"Nova Prata","regiao_saude":"25 - Vinhedos e Basalto","macroregiao_saude":"Serra"}},{"type":"Feature","geometry":{"type":"Point","coordinates":[-51.315894,-29.000992]},"properties":{"municipio_id":"4313086","municipio_nome":"Nova Pádua","regiao_saude":"26 - Uva Vale","macroregiao_saude":"Serra"}},{"type":"Feature","geometry":{"type":"Point","coordinates":[-53.703674,-28.076182]},"properties":{"municipio_id":"4313334","municipio_nome":"Nova Ramada","regiao_saude":"13 - Diversidade","macroregiao_saude":"Missioneira"}},{"type":"Feature","geometry":{"type":"Point","coordinates":[-51.408631,-28.988903]},"properties":{"municipio_id":"4313359","municipio_nome":"Nova Roma do Sul","regiao_saude":"26 - Uva Vale","macroregiao_saude":"Serra"}},{"type":"Feature","geometry":{"type":"Point","coordinates":[-51.28856,-29.844349]},"properties":{"municipio_id":"4313375","municipio_nome":"Nova Santa Rita","regiao_saude":"08 - Vale do Caí e Metropolitana","macroregiao_saude":"Metropolitana"}},{"type":"Feature","geometry":{"type":"Point","coordinates":[-53.115986,-27.89953]},"properties":{"municipio_id":"4313490","municipio_nome":"Novo Barreiro","regiao_saude":"20 - Rota da Produção ","macroregiao_saude":"Norte"}},{"type":"Feature","geometry":{"type":"Point","coordinates":[-52.99549,-29.760145]},"properties":{"municipio_id":"4313391","municipio_nome":"Novo Cabrais","regiao_saude":"27 - Jacuí Centro","macroregiao_saude":"Vales"}},{"type":"Feature","geometry":{"type":"Point","coordinates":[-51.049044,-29.734752]},"properties":{"municipio_id":"4313409","municipio_nome":"Novo Hamburgo","regiao_saude":"07 - Vale dos Sinos","macroregiao_saude":"Metropolitana"}},{"type":"Feature","geometry":{"type":"Point","coordinates":[-54.537297,-27.544898]},"properties":{"municipio_id":"4313425","municipio_nome":"Novo Machado","regiao_saude":"14 - Fronteira Noroeste","macroregiao_saude":"Missioneira"}},{"type":"Feature","geometry":{"type":"Point","coordinates":[-53.167122,-27.561814]},"properties":{"municipio_id":"4313441","municipio_nome":"Novo Tiradentes","regiao_saude":"15 - Caminho das águas","macroregiao_saude":"Norte"}},{"type":"Feature","geometry":{"type":"Point","coordinates":[-53.058483,-27.744257]},"properties":{"municipio_id":"4313466","municipio_nome":"Novo Xingu","regiao_saude":"20 - Rota da Produção ","macroregiao_saude":"Norte"}},{"type":"Feature","geometry":{"type":"Point","coordinates":[-52.824921,-28.459399]},"properties":{"municipio_id":"4312658","municipio_nome":"Não-Me-Toque","regiao_saude":"17 - Planalto","macroregiao_saude":"Norte"}},{"type":"Feature","geometry":{"type":"Point","coordinates":[-50.267531,-29.915894]},"properties":{"municipio_id":"4313508","municipio_nome":"Osório","regiao_saude":"05 - Bons Ventos","macroregiao_saude":"Metropolitana"}},{"type":"Feature","geometry":{"type":"Point","coordinates":[-51.780371,-27.722064]},"properties":{"municipio_id":"4313607","municipio_nome":"Paim Filho","regiao_saude":"18 - Araucárias","macroregiao_saude":"Norte"}},{"type":"Feature","geometry":{"type":"Point","coordinates":[-50.449214,-30.36237]},"properties":{"municipio_id":"4313656","municipio_nome":"Palmares do Sul","regiao_saude":"05 - Bons Ventos","macroregiao_saude":"Metropolitana"}},{"type":"Feature","geometry":{"type":"Point","coordinates":[-53.382292,-27.940006]},"properties":{"municipio_id":"4313706","municipio_nome":"Palmeira das Missões","regiao_saude":"20 - Rota da Produção ","macroregiao_saude":"Norte"}},{"type":"Feature","geometry":{"type":"Point","coordinates":[-53.587846,-27.327816]},"properties":{"municipio_id":"4313805","municipio_nome":"Palmitinho","regiao_saude":"15 - Caminho das águas","macroregiao_saude":"Norte"}},{"type":"Feature","geometry":{"type":"Point","coordinates":[-53.507427,-28.329551]},"properties":{"municipio_id":"4313904","municipio_nome":"Panambi","regiao_saude":"13 - Diversidade","macroregiao_saude":"Missioneira"}},{"type":"Feature","geometry":{"type":"Point","coordinates":[-52.37096,-30.257757]},"properties":{"municipio_id":"4313953","municipio_nome":"Pantano Grande","regiao_saude":"28 - Vale do Rio Pardo ","macroregiao_saude":"Vales"}},{"type":"Feature","geometry":{"type":"Point","coordinates":[-51.78835,-28.600302]},"properties":{"municipio_id":"4314001","municipio_nome":"Paraí","regiao_saude":"25 - Vinhedos e Basalto","macroregiao_saude":"Serra"}},{"type":"Feature","geometry":{"type":"Point","coordinates":[-53.12131,-29.696253]},"properties":{"municipio_id":"4314027","municipio_nome":"Paraíso do Sul","regiao_saude":"01 - Verdes Campos","macroregiao_saude":"Centro-Oeste"}},{"type":"Feature","geometry":{"type":"Point","coordinates":[-51.423118,-29.610164]},"properties":{"municipio_id":"4314035","municipio_nome":"Pareci Novo","regiao_saude":"08 - Vale do Caí e Metropolitana","macroregiao_saude":"Metropolitana"}},{"type":"Feature","geometry":{"type":"Point","coordinates":[-50.856131,-29.659183]},"properties":{"municipio_id":"4314050","municipio_nome":"Parobé","regiao_saude":"06 - Vale do Paranha e Costa Serra","macroregiao_saude":"Metropolitana"}},{"type":"Feature","geometry":{"type":"Point","coordinates":[-52.869567,-29.438867]},"properties":{"municipio_id":"4314068","municipio_nome":"Passa Sete","regiao_saude":"27 - Jacuí Centro","macroregiao_saude":"Vales"}},{"type":"Feature","geometry":{"type":"Point","coordinates":[-52.452496,-28.26889]},"properties":{"municipio_id":"4314100","municipio_nome":"Passo Fundo","regiao_saude":"17 - Planalto","macroregiao_saude":"Norte"}},{"type":"Feature","geometry":{"type":"Point","coordinates":[-52.245145,-29.759303]},"properties":{"municipio_id":"4314076","municipio_nome":"Passo do Sobrado","regiao_saude":"28 - Vale do Rio Pardo ","macroregiao_saude":"Vales"}},{"type":"Feature","geometry":{"type":"Point","coordinates":[-52.394694,-27.709618]},"properties":{"municipio_id":"4314134","municipio_nome":"Paulo Bento","regiao_saude":"16 - Alto Uruguai Gaúcho","macroregiao_saude":"Norte"}},{"type":"Feature","geometry":{"type":"Point","coordinates":[-51.72835,-29.569266]},"properties":{"municipio_id":"4314159","municipio_nome":"Paverama","regiao_saude":"30 - Vale da Luz ","macroregiao_saude":"Vales"}},{"type":"Feature","geometry":{"type":"Point","coordinates":[-53.691278,-31.838974]},"properties":{"municipio_id":"4314175","municipio_nome":"Pedras Altas","regiao_saude":"21- Região Sul ","macroregiao_saude":"Sul"}},{"type":"Feature","geometry":{"type":"Point","coordinates":[-52.872502,-31.95973]},"properties":{"municipio_id":"4314209","municipio_nome":"Pedro Osório","regiao_saude":"21- Região Sul ","macroregiao_saude":"Sul"}},{"type":"Feature","geometry":{"type":"Point","coordinates":[-53.593732,-28.453837]},"properties":{"municipio_id":"4314308","municipio_nome":"Pejuçara","regiao_saude":"13 - Diversidade","macroregiao_saude":"Missioneira"}},{"type":"Feature","geometry":{"type":"Point","coordinates":[-52.341201,-31.581114]},"properties":{"municipio_id":"4314407","municipio_nome":"Pelotas","regiao_saude":"21- Região Sul ","macroregiao_saude":"Sul"}},{"type":"Feature","geometry":{"type":"Point","coordinates":[-51.109135,-29.460697]},"properties":{"municipio_id":"4314423","municipio_nome":"Picada Café","regiao_saude":"23 - Caxias e Hortênsias","macroregiao_saude":"Serra"}},{"type":"Feature","geometry":{"type":"Point","coordinates":[-53.235058,-27.528956]},"properties":{"municipio_id":"4314456","municipio_nome":"Pinhal","regiao_saude":"15 - Caminho das águas","macroregiao_saude":"Norte"}},{"type":"Feature","geometry":{"type":"Point","coordinates":[-53.335632,-29.29146]},"properties":{"municipio_id":"4314472","municipio_nome":"Pinhal Grande","regiao_saude":"01 - Verdes Campos","macroregiao_saude":"Centro-Oeste"}},{"type":"Feature","geometry":{"type":"Point","coordinates":[-51.21941,-27.853581]},"properties":{"municipio_id":"4314464","municipio_nome":"Pinhal da Serra","regiao_saude":"24 - Campos de Cima da Serra","macroregiao_saude":"Serra"}},{"type":"Feature","geometry":{"type":"Point","coordinates":[-53.634301,-27.221685]},"properties":{"municipio_id":"4314498","municipio_nome":"Pinheirinho do Vale","regiao_saude":"15 - Caminho das águas","macroregiao_saude":"Norte"}},{"type":"Feature","geometry":{"type":"Point","coordinates":[-53.413417,-31.404926]},"properties":{"municipio_id":"4314506","municipio_nome":"Pinheiro Machado","regiao_saude":"21- Região Sul ","macroregiao_saude":"Sul"}},{"type":"Feature","geometry":{"type":"Point","coordinates":[-51.46169,-29.092948]},"properties":{"municipio_id":"4314548","municipio_nome":"Pinto Bandeira","regiao_saude":"25 - Vinhedos e Basalto","macroregiao_saude":"Serra"}},{"type":"Feature","geometry":{"type":"Point","coordinates":[-55.244427,-28.065224]},"properties":{"municipio_id":"4314555","municipio_nome":"Pirapó","regiao_saude":"11 - Sete Povos das Missões","macroregiao_saude":"Missioneira"}},{"type":"Feature","geometry":{"type":"Point","coordinates":[-53.103236,-31.438631]},"properties":{"municipio_id":"4314605","municipio_nome":"Piratini","regiao_saude":"21- Região Sul ","macroregiao_saude":"Sul"}},{"type":"Feature","geometry":{"type":"Point","coordinates":[-53.077955,-27.335691]},"properties":{"municipio_id":"4314704","municipio_nome":"Planalto","regiao_saude":"15 - Caminho das águas","macroregiao_saude":"Norte"}},{"type":"Feature","geometry":{"type":"Point","coordinates":[-52.506221,-27.654806]},"properties":{"municipio_id":"4314787","municipio_nome":"Ponte Preta","regiao_saude":"16 - Alto Uruguai Gaúcho","macroregiao_saude":"Norte"}},{"type":"Feature","geometry":{"type":"Point","coordinates":[-52.641253,-28.03629]},"properties":{"municipio_id":"4314779","municipio_nome":"Pontão","regiao_saude":"17 - Planalto","macroregiao_saude":"Norte"}},{"type":"Feature","geometry":{"type":"Point","coordinates":[-51.164532,-30.095316]},"properties":{"municipio_id":"4314902","municipio_nome":"Porto Alegre","regiao_saude":"10 - Capital e Vale do Gravataí","macroregiao_saude":"Metropolitana"}},{"type":"Feature","geometry":{"type":"Point","coordinates":[-54.959188,-27.850705]},"properties":{"municipio_id":"4315008","municipio_nome":"Porto Lucena","regiao_saude":"14 - Fronteira Noroeste","macroregiao_saude":"Missioneira"}},{"type":"Feature","geometry":{"type":"Point","coordinates":[-54.657181,-27.591937]},"properties":{"municipio_id":"4315057","municipio_nome":"Porto Mauá","regiao_saude":"14 - Fronteira Noroeste","macroregiao_saude":"Missioneira"}},{"type":"Feature","geometry":{"type":"Point","coordinates":[-54.891119,-27.754564]},"properties":{"municipio_id":"4315073","municipio_nome":"Porto Vera Cruz","regiao_saude":"14 - Fronteira Noroeste","macroregiao_saude":"Missioneira"}},{"type":"Feature","geometry":{"type":"Point","coordinates":[-55.143164,-27.93202]},"properties":{"municipio_id":"4315107","municipio_nome":"Porto Xavier","regiao_saude":"11 - Sete Povos das Missões","macroregiao_saude":"Missioneira"}},{"type":"Feature","geometry":{"type":"Point","coordinates":[-51.248674,-29.701013]},"properties":{"municipio_id":"4314803","municipio_nome":"Portão","regiao_saude":"07 - Vale dos Sinos","macroregiao_saude":"Metropolitana"}},{"type":"Feature","geometry":{"type":"Point","coordinates":[-52.228653,-29.157993]},"properties":{"municipio_id":"4315131","municipio_nome":"Pouso Novo","regiao_saude":"29 - Vales e Montanhas","macroregiao_saude":"Vales"}},{"type":"Feature","geometry":{"type":"Point","coordinates":[-51.640804,-29.446077]},"properties":{"municipio_id":"4314753","municipio_nome":"Poço das Antas","regiao_saude":"30 - Vale da Luz ","macroregiao_saude":"Vales"}},{"type":"Feature","geometry":{"type":"Point","coordinates":[-51.174339,-29.524274]},"properties":{"municipio_id":"4315149","municipio_nome":"Presidente Lucena","regiao_saude":"07 - Vale dos Sinos","macroregiao_saude":"Metropolitana"}},{"type":"Feature","geometry":{"type":"Point","coordinates":[-52.318928,-29.224265]},"properties":{"municipio_id":"4315156","municipio_nome":"Progresso","regiao_saude":"29 - Vales e Montanhas","macroregiao_saude":"Vales"}},{"type":"Feature","geometry":{"type":"Point","coordinates":[-51.487306,-28.736945]},"properties":{"municipio_id":"4315172","municipio_nome":"Protásio Alves","regiao_saude":"26 -  Uva e Vales","macroregiao_saude":"Serra"}},{"type":"Feature","geometry":{"type":"Point","coordinates":[-52.142888,-29.033687]},"properties":{"municipio_id":"4315206","municipio_nome":"Putinga","regiao_saude":"29 - Vales e Montanhas","macroregiao_saude":"Vales"}},{"type":"Feature","geometry":{"type":"Point","coordinates":[-56.153031,-30.279468]},"properties":{"municipio_id":"4315305","municipio_nome":"Quaraí","regiao_saude":"03 - Fronteira Oeste","macroregiao_saude":"Centro-Oeste"}},{"type":"Feature","geometry":{"type":"Point","coordinates":[-52.471294,-27.842729]},"properties":{"municipio_id":"4315313","municipio_nome":"Quatro Irmãos","regiao_saude":"16 - Alto Uruguai Gaúcho","macroregiao_saude":"Norte"}},{"type":"Feature","geometry":{"type":"Point","coordinates":[-54.065491,-29.30964]},"properties":{"municipio_id":"4315321","municipio_nome":"Quevedos","regiao_saude":"01 - Verdes Campos","macroregiao_saude":"Centro-Oeste"}},{"type":"Feature","geometry":{"type":"Point","coordinates":[-53.116869,-28.756921]},"properties":{"municipio_id":"4315354","municipio_nome":"Quinze de Novembro","regiao_saude":"12 - Portal das Missões","macroregiao_saude":"Missioneira"}},{"type":"Feature","geometry":{"type":"Point","coordinates":[-53.631684,-27.570138]},"properties":{"municipio_id":"4315404","municipio_nome":"Redentora","regiao_saude":"20 - Rota da Produção ","macroregiao_saude":"Norte"}},{"type":"Feature","geometry":{"type":"Point","coordinates":[-52.065257,-29.123288]},"properties":{"municipio_id":"4315453","municipio_nome":"Relvado","regiao_saude":"29 - Vales e Montanhas","macroregiao_saude":"Vales"}},{"type":"Feature","geometry":{"type":"Point","coordinates":[-53.343911,-29.81736]},"properties":{"municipio_id":"4315503","municipio_nome":"Restinga Sêca","regiao_saude":"01 - Verdes Campos","macroregiao_saude":"Centro-Oeste"}},{"type":"Feature","geometry":{"type":"Point","coordinates":[-52.403513,-32.21751]},"properties":{"municipio_id":"4315602","municipio_nome":"Rio Grande","regiao_saude":"21- Região Sul ","macroregiao_saude":"Sul"}},{"type":"Feature","geometry":{"type":"Point","coordinates":[-52.436938,-30.02277]},"properties":{"municipio_id":"4315701","municipio_nome":"Rio Pardo","regiao_saude":"28 - Vale do Rio Pardo","macroregiao_saude":"Vales"}},{"type":"Feature","geometry":{"type":"Point","coordinates":[-52.879738,-27.252838]},"properties":{"municipio_id":"4315552","municipio_nome":"Rio dos Índios","regiao_saude":"16 - Alto Uruguai Gaúcho","macroregiao_saude":"Norte"}},{"type":"Feature","geometry":{"type":"Point","coordinates":[-50.399864,-29.615817]},"properties":{"municipio_id":"4315750","municipio_nome":"Riozinho","regiao_saude":"06 - Vale do Paranha e Costa Serra","macroregiao_saude":"Metropolitana"}},{"type":"Feature","geometry":{"type":"Point","coordinates":[-51.829312,-29.256749]},"properties":{"municipio_id":"4315800","municipio_nome":"Roca Sales","regiao_saude":"29 - Vales e Montanhas","macroregiao_saude":"Vales"}},{"type":"Feature","geometry":{"type":"Point","coordinates":[-53.170622,-27.463393]},"properties":{"municipio_id":"4315909","municipio_nome":"Rodeio Bonito","regiao_saude":"15 - Caminho das águas","macroregiao_saude":"Norte"}},{"type":"Feature","geometry":{"type":"Point","coordinates":[-54.834394,-28.254896]},"properties":{"municipio_id":"4315958","municipio_nome":"Rolador","regiao_saude":"11 - Sete Povos das Missões","macroregiao_saude":"Missioneira"}},{"type":"Feature","geometry":{"type":"Point","coordinates":[-50.55,-29.629048]},"properties":{"municipio_id":"4316006","municipio_nome":"Rolante","regiao_saude":"06 - Vale do Paranha e Costa Serra","macroregiao_saude":"Metropolitana"}},{"type":"Feature","geometry":{"type":"Point","coordinates":[-52.74961,-27.811044]},"properties":{"municipio_id":"4316105","municipio_nome":"Ronda Alta","regiao_saude":"20 - Rota da Produção ","macroregiao_saude":"Norte"}},{"type":"Feature","geometry":{"type":"Point","coordinates":[-52.893077,-27.832475]},"properties":{"municipio_id":"4316204","municipio_nome":"Rondinha","regiao_saude":"20 - Rota da Produção ","macroregiao_saude":"Norte"}},{"type":"Feature","geometry":{"type":"Point","coordinates":[-55.08803,-28.059585]},"properties":{"municipio_id":"4316303","municipio_nome":"Roque Gonzales","regiao_saude":"11 - Sete Povos das Missões","macroregiao_saude":"Missioneira"}},{"type":"Feature","geometry":{"type":"Point","coordinates":[-55.112965,-30.325935]},"properties":{"municipio_id":"4316402","municipio_nome":"Rosário do Sul","regiao_saude":"03 - Fronteira Oeste","macroregiao_saude":"Centro-Oeste"}},{"type":"Feature","geometry":{"type":"Point","coordinates":[-53.13198,-27.707932]},"properties":{"municipio_id":"4316428","municipio_nome":"Sagrada Família","regiao_saude":"20 - Rota da Produção ","macroregiao_saude":"Norte"}},{"type":"Feature","geometry":{"type":"Point","coordinates":[-53.094424,-28.386788]},"properties":{"municipio_id":"4316436","municipio_nome":"Saldanha Marinho","regiao_saude":"12 - Portal das Missões","macroregiao_saude":"Missioneira"}},{"type":"Feature","geometry":{"type":"Point","coordinates":[-53.254219,-29.068243]},"properties":{"municipio_id":"4316451","municipio_nome":"Salto do Jacuí","regiao_saude":"12 - Portal das Missões","macroregiao_saude":"Missioneira"}},{"type":"Feature","geometry":{"type":"Point","coordinates":[-54.831673,-28.099743]},"properties":{"municipio_id":"4316477","municipio_nome":"Salvador das Missões","regiao_saude":"11 - Sete Povos das Missões","macroregiao_saude":"Missioneira"}},{"type":"Feature","geometry":{"type":"Point","coordinates":[-51.53545,-29.457729]},"properties":{"municipio_id":"4316501","municipio_nome":"Salvador do Sul","regiao_saude":"08 - Vale do Caí e Metropolitana","macroregiao_saude":"Metropolitana"}},{"type":"Feature","geometry":{"type":"Point","coordinates":[-51.800356,-27.957234]},"properties":{"municipio_id":"4316600","municipio_nome":"Sananduva","regiao_saude":"18 - Araucárias","macroregiao_saude":"Norte"}},{"type":"Feature","geometry":{"type":"Point","coordinates":[-55.562294,-30.738385]},"properties":{"municipio_id":"4317103","municipio_nome":"Sant'Ana do Livramento","regiao_saude":"03 - Fronteira Oeste","macroregiao_saude":"Centro-Oeste"}},{"type":"Feature","geometry":{"type":"Point","coordinates":[-53.284554,-28.373858]},"properties":{"municipio_id":"4316709","municipio_nome":"Santa Bárbara do Sul","regiao_saude":"12 - Portal das Missões","macroregiao_saude":"Missioneira"}},{"type":"Feature","geometry":{"type":"Point","coordinates":[-51.898481,-28.181322]},"properties":{"municipio_id":"4316733","municipio_nome":"Santa Cecília do Sul","regiao_saude":"18 - Araucárias","macroregiao_saude":"Norte"}},{"type":"Feature","geometry":{"type":"Point","coordinates":[-52.132293,-29.453278]},"properties":{"municipio_id":"4316758","municipio_nome":"Santa Clara do Sul","regiao_saude":"29 - Vales e Montanhas","macroregiao_saude":"Vales"}},{"type":"Feature","geometry":{"type":"Point","coordinates":[-52.407175,-29.64623]},"properties":{"municipio_id":"4316808","municipio_nome":"Santa Cruz do Sul","regiao_saude":"28 - Vale do Rio Pardo","macroregiao_saude":"Vales"}},{"type":"Feature","geometry":{"type":"Point","coordinates":[-54.097718,-30.37106]},"properties":{"municipio_id":"4316972","municipio_nome":"Santa Margarida do Sul","regiao_saude":"03 - Fronteira Oeste","macroregiao_saude":"Centro-Oeste"}},{"type":"Feature","geometry":{"type":"Point","coordinates":[-53.825037,-29.784921]},"properties":{"municipio_id":"4316907","municipio_nome":"Santa Maria","regiao_saude":"01 - Verdes Campos","macroregiao_saude":"Centro-Oeste"}},{"type":"Feature","geometry":{"type":"Point","coordinates":[-50.969086,-29.475861]},"properties":{"municipio_id":"4316956","municipio_nome":"Santa Maria do Herval","regiao_saude":"07 - Vale dos Sinos","macroregiao_saude":"Metropolitana"}},{"type":"Feature","geometry":{"type":"Point","coordinates":[-54.497004,-27.864415]},"properties":{"municipio_id":"4317202","municipio_nome":"Santa Rosa","regiao_saude":"14 - Fronteira Noroeste","macroregiao_saude":"Missioneira"}},{"type":"Feature","geometry":{"type":"Point","coordinates":[-51.71096,-29.163687]},"properties":{"municipio_id":"4317251","municipio_nome":"Santa Tereza","regiao_saude":"25 - Vinhedos e Basalto","macroregiao_saude":"Serra"}},{"type":"Feature","geometry":{"type":"Point","coordinates":[-53.006634,-33.163149]},"properties":{"municipio_id":"4317301","municipio_nome":"Santa Vitória do Palmar","regiao_saude":"21- Região Sul ","macroregiao_saude":"Sul"}},{"type":"Feature","geometry":{"type":"Point","coordinates":[-53.176886,-30.817059]},"properties":{"municipio_id":"4317004","municipio_nome":"Santana da Boa Vista","regiao_saude":"21- Região Sul ","macroregiao_saude":"Sul"}},{"type":"Feature","geometry":{"type":"Point","coordinates":[-54.796265,-29.1272]},"properties":{"municipio_id":"4317400","municipio_nome":"Santiago","regiao_saude":"02 - Entre Rios ","macroregiao_saude":"Centro-Oeste"}},{"type":"Feature","geometry":{"type":"Point","coordinates":[-50.559192,-29.872752]},"properties":{"municipio_id":"4317608","municipio_nome":"Santo Antônio da Patrulha","regiao_saude":"05 - Bons Ventos","macroregiao_saude":"Metropolitana"}},{"type":"Feature","geometry":{"type":"Point","coordinates":[-55.426036,-28.493955]},"properties":{"municipio_id":"4317707","municipio_nome":"Santo Antônio das Missões","regiao_saude":"11 - Sete Povos das Missões","macroregiao_saude":"Missioneira"}},{"type":"Feature","geometry":{"type":"Point","coordinates":[-52.00864,-28.495604]},"properties":{"municipio_id":"4317558","municipio_nome":"Santo Antônio do Palma","regiao_saude":"17 - Planalto","macroregiao_saude":"Norte"}},{"type":"Feature","geometry":{"type":"Point","coordinates":[-52.681467,-28.365094]},"properties":{"municipio_id":"4317756","municipio_nome":"Santo Antônio do Planalto","regiao_saude":"17 - Planalto","macroregiao_saude":"Norte"}},{"type":"Feature","geometry":{"type":"Point","coordinates":[-53.755815,-27.903081]},"properties":{"municipio_id":"4317806","municipio_nome":"Santo Augusto","regiao_saude":"13 - Diversidade","macroregiao_saude":"Missioneira"}},{"type":"Feature","geometry":{"type":"Point","coordinates":[-54.711,-27.798362]},"properties":{"municipio_id":"4317905","municipio_nome":"Santo Cristo","regiao_saude":"14 - Fronteira Noroeste","macroregiao_saude":"Missioneira"}},{"type":"Feature","geometry":{"type":"Point","coordinates":[-51.661225,-27.923067]},"properties":{"municipio_id":"4317954","municipio_nome":"Santo Expedito do Sul","regiao_saude":"18 - Araucárias","macroregiao_saude":"Norte"}},{"type":"Feature","geometry":{"type":"Point","coordinates":[-54.297748,-28.250489]},"properties":{"municipio_id":"4317509","municipio_nome":"Santo Ângelo","regiao_saude":"11 - Sete Povos das Missões","macroregiao_saude":"Missioneira"}},{"type":"Feature","geometry":{"type":"Point","coordinates":[-50.995721,-29.614147]},"properties":{"municipio_id":"4319901","municipio_nome":"Sapiranga","regiao_saude":"07 - Vale dos Sinos","macroregiao_saude":"Metropolitana"}},{"type":"Feature","geometry":{"type":"Point","coordinates":[-51.133709,-29.823353]},"properties":{"municipio_id":"4320008","municipio_nome":"Sapucaia do Sul","regiao_saude":"08 - Vale do Caí e Metropolitana","macroregiao_saude":"Metropolitana"}},{"type":"Feature","geometry":{"type":"Point","coordinates":[-52.896302,-27.941329]},"properties":{"municipio_id":"4320107","municipio_nome":"Sarandi","regiao_saude":"20 - Rota da Produção ","macroregiao_saude":"Norte"}},{"type":"Feature","geometry":{"type":"Point","coordinates":[-53.362637,-27.501061]},"properties":{"municipio_id":"4320206","municipio_nome":"Seberi","regiao_saude":"15 - Caminho das águas","macroregiao_saude":"Norte"}},{"type":"Feature","geometry":{"type":"Point","coordinates":[-53.953158,-27.641126]},"properties":{"municipio_id":"4320230","municipio_nome":"Sede Nova","regiao_saude":"13 - Diversidade","macroregiao_saude":"Missioneira"}},{"type":"Feature","geometry":{"type":"Point","coordinates":[-52.92963,-29.312166]},"properties":{"municipio_id":"4320263","municipio_nome":"Segredo","regiao_saude":"27 - Jacuí Centro","macroregiao_saude":"Vales"}},{"type":"Feature","geometry":{"type":"Point","coordinates":[-52.978627,-28.668611]},"properties":{"municipio_id":"4320305","municipio_nome":"Selbach","regiao_saude":"12 - Portal das Missões","macroregiao_saude":"Missioneira"}},{"type":"Feature","geometry":{"type":"Point","coordinates":[-54.5368,-28.028828]},"properties":{"municipio_id":"4320321","municipio_nome":"Senador Salgado Filho","regiao_saude":"14 - Fronteira Noroeste","macroregiao_saude":"Missioneira"}},{"type":"Feature","geometry":{"type":"Point","coordinates":[-51.607686,-30.625293]},"properties":{"municipio_id":"4320354","municipio_nome":"Sentinela do Sul","regiao_saude":"09 - Carbonífera/Costa Doce","macroregiao_saude":"Metropolitana"}},{"type":"Feature","geometry":{"type":"Point","coordinates":[-51.933676,-28.701569]},"properties":{"municipio_id":"4320404","municipio_nome":"Serafina Corrêa","regiao_saude":"17 - Planalto","macroregiao_saude":"Norte"}},{"type":"Feature","geometry":{"type":"Point","coordinates":[-52.314071,-28.009859]},"properties":{"municipio_id":"4320503","municipio_nome":"Sertão","regiao_saude":"17 - Planalto","macroregiao_saude":"Norte"}},{"type":"Feature","geometry":{"type":"Point","coordinates":[-51.629998,-30.466844]},"properties":{"municipio_id":"4320552","municipio_nome":"Sertão Santana","regiao_saude":"09 - Carbonífera/Costa Doce","macroregiao_saude":"Metropolitana"}},{"type":"Feature","geometry":{"type":"Point","coordinates":[-54.460104,-28.14515]},"properties":{"municipio_id":"4320578","municipio_nome":"Sete de Setembro","regiao_saude":"11 - Sete Povos das Missões","macroregiao_saude":"Missioneira"}},{"type":"Feature","geometry":{"type":"Point","coordinates":[-52.111392,-27.415453]},"properties":{"municipio_id":"4320602","municipio_nome":"Severiano de Almeida","regiao_saude":"16 - Alto Uruguai Gaúcho","macroregiao_saude":"Norte"}},{"type":"Feature","geometry":{"type":"Point","coordinates":[-53.570202,-29.633393]},"properties":{"municipio_id":"4320651","municipio_nome":"Silveira Martins","regiao_saude":"01 - Verdes Campos","macroregiao_saude":"Centro-Oeste"}},{"type":"Feature","geometry":{"type":"Point","coordinates":[-52.568978,-29.444913]},"properties":{"municipio_id":"4320677","municipio_nome":"Sinimbu","regiao_saude":"28 - Vale do Rio Pardo","macroregiao_saude":"Vales"}},{"type":"Feature","geometry":{"type":"Point","coordinates":[-53.026006,-29.40557]},"properties":{"municipio_id":"4320701","municipio_nome":"Sobradinho","regiao_saude":"27 - Jacuí Centro","macroregiao_saude":"Vales"}},{"type":"Feature","geometry":{"type":"Point","coordinates":[-52.537123,-28.83916]},"properties":{"municipio_id":"4320800","municipio_nome":"Soledade","regiao_saude":"19 - Botucaruí","macroregiao_saude":"Norte"}},{"type":"Feature","geometry":{"type":"Point","coordinates":[-55.796576,-28.746688]},"properties":{"municipio_id":"4318002","municipio_nome":"São Borja","regiao_saude":"11 - Sete Povos das Missões","macroregiao_saude":"Missioneira"}},{"type":"Feature","geometry":{"type":"Point","coordinates":[-51.867827,-28.538326]},"properties":{"municipio_id":"4318051","municipio_nome":"São Domingos do Sul","regiao_saude":"17 - Planalto","macroregiao_saude":"Norte"}},{"type":"Feature","geometry":{"type":"Point","coordinates":[-55.131292,-29.44779]},"properties":{"municipio_id":"4318101","municipio_nome":"São Francisco de Assis","regiao_saude":"02 - Entre Rios ","macroregiao_saude":"Centro-Oeste"}},{"type":"Feature","geometry":{"type":"Point","coordinates":[-50.556483,-29.20229]},"properties":{"municipio_id":"4318200","municipio_nome":"São Francisco de Paula","regiao_saude":"06 - Vale do Paranha e Costa Serra","macroregiao_saude":"Metropolitana"}},{"type":"Feature","geometry":{"type":"Point","coordinates":[-54.365425,-30.305267]},"properties":{"municipio_id":"4318309","municipio_nome":"São Gabriel","regiao_saude":"03 - Fronteira Oeste","macroregiao_saude":"Centro-Oeste"}},{"type":"Feature","geometry":{"type":"Point","coordinates":[-51.911915,-30.290601]},"properties":{"municipio_id":"4318408","municipio_nome":"São Jerônimo","regiao_saude":"09 - Carbonífera/Costa Doce","macroregiao_saude":"Metropolitana"}},{"type":"Feature","geometry":{"type":"Point","coordinates":[-51.715667,-28.498323]},"properties":{"municipio_id":"4318440","municipio_nome":"São Jorge","regiao_saude":"25 - Vinhedos e Basalto","macroregiao_saude":"Serra"}},{"type":"Feature","geometry":{"type":"Point","coordinates":[-53.131698,-27.794821]},"properties":{"municipio_id":"4318457","municipio_nome":"São José das Missões","regiao_saude":"20 - Rota da Produção ","macroregiao_saude":"Norte"}},{"type":"Feature","geometry":{"type":"Point","coordinates":[-52.27466,-29.065004]},"properties":{"municipio_id":"4318465","municipio_nome":"São José do Herval","regiao_saude":"29 - Vales e Montanhas","macroregiao_saude":"Vales"}},{"type":"Feature","geometry":{"type":"Point","coordinates":[-51.257585,-29.535556]},"properties":{"municipio_id":"4318481","municipio_nome":"São José do Hortêncio","regiao_saude":"07 - Vale dos Sinos","macroregiao_saude":"Metropolitana"}},{"type":"Feature","geometry":{"type":"Point","coordinates":[-54.124127,-27.73837]},"properties":{"municipio_id":"4318499","municipio_nome":"São José do Inhacorá","regiao_saude":"14 - Fronteira Noroeste","macroregiao_saude":"Missioneira"}},{"type":"Feature","geometry":{"type":"Point","coordinates":[-51.665815,-31.763674]},"properties":{"municipio_id":"4318507","municipio_nome":"São José do Norte","regiao_saude":"21- Região Sul ","macroregiao_saude":"Sul"}},{"type":"Feature","geometry":{"type":"Point","coordinates":[-51.560304,-27.772383]},"properties":{"municipio_id":"4318606","municipio_nome":"São José do Ouro","regiao_saude":"18 - Araucárias","macroregiao_saude":"Norte"}},{"type":"Feature","geometry":{"type":"Point","coordinates":[-51.486062,-29.547991]},"properties":{"municipio_id":"4318614","municipio_nome":"São José do Sul","regiao_saude":"08 - Vale do Caí e Metropolitana","macroregiao_saude":"Metropolitana"}},{"type":"Feature","geometry":{"type":"Point","coordinates":[-49.961695,-28.648596]},"properties":{"municipio_id":"4318622","municipio_nome":"São José dos Ausentes","regiao_saude":"24 - Campos de Cima da Serra","macroregiao_saude":"Serra"}},{"type":"Feature","geometry":{"type":"Point","coordinates":[-51.834737,-27.797655]},"properties":{"municipio_id":"4318424","municipio_nome":"São João da Urtiga","regiao_saude":"18 - Araucárias","macroregiao_saude":"Norte"}},{"type":"Feature","geometry":{"type":"Point","coordinates":[-53.470478,-29.642096]},"properties":{"municipio_id":"4318432","municipio_nome":"São João do Polêsine","regiao_saude":"01 - Verdes Campos","macroregiao_saude":"Centro-Oeste"}},{"type":"Feature","geometry":{"type":"Point","coordinates":[-51.14485,-29.75533]},"properties":{"municipio_id":"4318705","municipio_nome":"São Leopoldo","regiao_saude":"07 - Vale dos Sinos","macroregiao_saude":"Metropolitana"}},{"type":"Feature","geometry":{"type":"Point","coordinates":[-52.122555,-31.234485]},"properties":{"municipio_id":"4318804","municipio_nome":"São Lourenço do Sul","regiao_saude":"21- Região Sul ","macroregiao_saude":"Sul"}},{"type":"Feature","geometry":{"type":"Point","coordinates":[-54.890921,-28.418466]},"properties":{"municipio_id":"4318903","municipio_nome":"São Luiz Gonzaga","regiao_saude":"11 - Sete Povos das Missões","macroregiao_saude":"Missioneira"}},{"type":"Feature","geometry":{"type":"Point","coordinates":[-51.065091,-28.963023]},"properties":{"municipio_id":"4319000","municipio_nome":"São Marcos","regiao_saude":"26 - Uva Vale","macroregiao_saude":"Serra"}},{"type":"Feature","geometry":{"type":"Point","coordinates":[-53.953238,-27.729047]},"properties":{"municipio_id":"4319109","municipio_nome":"São Martinho","regiao_saude":"13 - Diversidade","macroregiao_saude":"Missioneira"}},{"type":"Feature","geometry":{"type":"Point","coordinates":[-53.886278,-29.474808]},"properties":{"municipio_id":"4319125","municipio_nome":"São Martinho da Serra","regiao_saude":"01 - Verdes Campos","macroregiao_saude":"Centro-Oeste"}},{"type":"Feature","geometry":{"type":"Point","coordinates":[-54.521628,-28.672799]},"properties":{"municipio_id":"4319158","municipio_nome":"São Miguel das Missões","regiao_saude":"11 - Sete Povos das Missões","macroregiao_saude":"Missioneira"}},{"type":"Feature","geometry":{"type":"Point","coordinates":[-55.248172,-28.203052]},"properties":{"municipio_id":"4319208","municipio_nome":"São Nicolau","regiao_saude":"11 - Sete Povos das Missões","macroregiao_saude":"Missioneira"}},{"type":"Feature","geometry":{"type":"Point","coordinates":[-54.975291,-27.988799]},"properties":{"municipio_id":"4319307","municipio_nome":"São Paulo das Missões","regiao_saude":"14 - Fronteira Noroeste","macroregiao_saude":"Missioneira"}},{"type":"Feature","geometry":{"type":"Point","coordinates":[-51.506248,-29.419147]},"properties":{"municipio_id":"4319356","municipio_nome":"São Pedro da Serra","regiao_saude":"08 - Vale do Caí e Metropolitana","macroregiao_saude":"Metropolitana"}},{"type":"Feature","geometry":{"type":"Point","coordinates":[-53.237675,-27.779707]},"properties":{"municipio_id":"4319364","municipio_nome":"São Pedro das Missões","regiao_saude":"20 - Rota da Produção ","macroregiao_saude":"Norte"}},{"type":"Feature","geometry":{"type":"Point","coordinates":[-54.894914,-28.123487]},"properties":{"municipio_id":"4319372","municipio_nome":"São Pedro do Butiá","regiao_saude":"11 - Sete Povos das Missões","macroregiao_saude":"Missioneira"}},{"type":"Feature","geometry":{"type":"Point","coordinates":[-54.238003,-29.611382]},"properties":{"municipio_id":"4319406","municipio_nome":"São Pedro do Sul","regiao_saude":"01 - Verdes Campos","macroregiao_saude":"Centro-Oeste"}},{"type":"Feature","geometry":{"type":"Point","coordinates":[-51.337173,-29.589425]},"properties":{"municipio_id":"4319505","municipio_nome":"São Sebastião do Caí","regiao_saude":"08 - Vale do Caí e Metropolitana","macroregiao_saude":"Metropolitana"}},{"type":"Feature","geometry":{"type":"Point","coordinates":[-53.619824,-30.175737]},"properties":{"municipio_id":"4319604","municipio_nome":"São Sepé","regiao_saude":"01 - Verdes Campos","macroregiao_saude":"Centro-Oeste"}},{"type":"Feature","geometry":{"type":"Point","coordinates":[-52.559486,-27.553784]},"properties":{"municipio_id":"4319703","municipio_nome":"São Valentim","regiao_saude":"16 - Alto Uruguai Gaúcho","macroregiao_saude":"Norte"}},{"type":"Feature","geometry":{"type":"Point","coordinates":[-51.760987,-29.056801]},"properties":{"municipio_id":"4319711","municipio_nome":"São Valentim do Sul","regiao_saude":"29 - Vales e Montanhas","macroregiao_saude":"Vales"}},{"type":"Feature","geometry":{"type":"Point","coordinates":[-53.908693,-27.821054]},"properties":{"municipio_id":"4319737","municipio_nome":"São Valério do Sul","regiao_saude":"13 - Diversidade","macroregiao_saude":"Missioneira"}},{"type":"Feature","geometry":{"type":"Point","coordinates":[-51.372487,-29.382402]},"properties":{"municipio_id":"4319752","municipio_nome":"São Vendelino","regiao_saude":"26 - Uva Vale","macroregiao_saude":"Serra"}},{"type":"Feature","geometry":{"type":"Point","coordinates":[-54.754224,-29.709583]},"properties":{"municipio_id":"4319802","municipio_nome":"São Vicente do Sul","regiao_saude":"02 - Entre Rios ","macroregiao_saude":"Centro-Oeste"}},{"type":"Feature","geometry":{"type":"Point","coordinates":[-52.243416,-29.395095]},"properties":{"municipio_id":"4320453","municipio_nome":"Sério","regiao_saude":"29 - Vales e Montanhas","macroregiao_saude":"Vales"}},{"type":"Feature","geometry":{"type":"Point","coordinates":[-51.730956,-29.667073]},"properties":{"municipio_id":"4320859","municipio_nome":"Tabaí","regiao_saude":"08 - Vale do Caí e Metropolitana","macroregiao_saude":"Metropolitana"}},{"type":"Feature","geometry":{"type":"Point","coordinates":[-52.010783,-28.058531]},"properties":{"municipio_id":"4320909","municipio_nome":"Tapejara","regiao_saude":"18 - Araucárias","macroregiao_saude":"Norte"}},{"type":"Feature","geometry":{"type":"Point","coordinates":[-52.861568,-28.661377]},"properties":{"municipio_id":"4321006","municipio_nome":"Tapera","regiao_saude":"19 - Botucaruí","macroregiao_saude":"Norte"}},{"type":"Feature","geometry":{"type":"Point","coordinates":[-51.441311,-30.663819]},"properties":{"municipio_id":"4321105","municipio_nome":"Tapes","regiao_saude":"09 - Carbonífera/Costa Doce","macroregiao_saude":"Metropolitana"}},{"type":"Feature","geometry":{"type":"Point","coordinates":[-50.761993,-29.670137]},"properties":{"municipio_id":"4321204","municipio_nome":"Taquara","regiao_saude":"06 - Vale do Paranha e Costa Serra","macroregiao_saude":"Metropolitana"}},{"type":"Feature","geometry":{"type":"Point","coordinates":[-51.831532,-29.744778]},"properties":{"municipio_id":"4321303","municipio_nome":"Taquari","regiao_saude":"30 - Vale da Luz ","macroregiao_saude":"Vales"}},{"type":"Feature","geometry":{"type":"Point","coordinates":[-53.485829,-27.408409]},"properties":{"municipio_id":"4321329","municipio_nome":"Taquaruçu do Sul","regiao_saude":"15 - Caminho das águas","macroregiao_saude":"Norte"}},{"type":"Feature","geometry":{"type":"Point","coordinates":[-51.07476,-31.288577]},"properties":{"municipio_id":"4321352","municipio_nome":"Tavares","regiao_saude":"05 - Bons Ventos","macroregiao_saude":"Metropolitana"}},{"type":"Feature","geometry":{"type":"Point","coordinates":[-53.764096,-27.37259]},"properties":{"municipio_id":"4321402","municipio_nome":"Tenente Portela","regiao_saude":"15 - Caminho das águas","macroregiao_saude":"Norte"}},{"type":"Feature","geometry":{"type":"Point","coordinates":[-50.066431,-29.601954]},"properties":{"municipio_id":"4321436","municipio_nome":"Terra de Areia","regiao_saude":"04 - Belas Praias ","macroregiao_saude":"Metropolitana"}},{"type":"Feature","geometry":{"type":"Point","coordinates":[-51.777944,-29.471853]},"properties":{"municipio_id":"4321451","municipio_nome":"Teutônia","regiao_saude":"30 - Vale da Luz ","macroregiao_saude":"Vales"}},{"type":"Feature","geometry":{"type":"Point","coordinates":[-52.598278,-28.582004]},"properties":{"municipio_id":"4321469","municipio_nome":"Tio Hugo","regiao_saude":"19 - Botucaruí","macroregiao_saude":"Norte"}},{"type":"Feature","geometry":{"type":"Point","coordinates":[-54.12095,-27.368257]},"properties":{"municipio_id":"4321477","municipio_nome":"Tiradentes do Sul","regiao_saude":"15 - Caminho das águas","macroregiao_saude":"Norte"}},{"type":"Feature","geometry":{"type":"Point","coordinates":[-54.298774,-29.470426]},"properties":{"municipio_id":"4321493","municipio_nome":"Toropi","regiao_saude":"01 - Verdes Campos","macroregiao_saude":"Centro-Oeste"}},{"type":"Feature","geometry":{"type":"Point","coordinates":[-49.809701,-29.328351]},"properties":{"municipio_id":"4321501","municipio_nome":"Torres","regiao_saude":"04 - Belas Praias ","macroregiao_saude":"Metropolitana"}},{"type":"Feature","geometry":{"type":"Point","coordinates":[-50.221986,-30.028206]},"properties":{"municipio_id":"4321600","municipio_nome":"Tramandaí","regiao_saude":"05 - Bons Ventos","macroregiao_saude":"Metropolitana"}},{"type":"Feature","geometry":{"type":"Point","coordinates":[-52.087564,-29.282677]},"properties":{"municipio_id":"4321626","municipio_nome":"Travesseiro","regiao_saude":"29 - Vales e Montanhas","macroregiao_saude":"Vales"}},{"type":"Feature","geometry":{"type":"Point","coordinates":[-52.899025,-27.52774]},"properties":{"municipio_id":"4321956","municipio_nome":"Trindade do Sul","regiao_saude":"20 - Rota da Produção ","macroregiao_saude":"Norte"}},{"type":"Feature","geometry":{"type":"Point","coordinates":[-51.571111,-29.844727]},"properties":{"municipio_id":"4322004","municipio_nome":"Triunfo","regiao_saude":"08 - Vale do Caí e Metropolitana","macroregiao_saude":"Metropolitana"}},{"type":"Feature","geometry":{"type":"Point","coordinates":[-52.180163,-27.492573]},"properties":{"municipio_id":"4321634","municipio_nome":"Três Arroios","regiao_saude":"16 - Alto Uruguai Gaúcho","macroregiao_saude":"Norte"}},{"type":"Feature","geometry":{"type":"Point","coordinates":[-49.963189,-29.474435]},"properties":{"municipio_id":"4321667","municipio_nome":"Três Cachoeiras","regiao_saude":"04 - Belas Praias ","macroregiao_saude":"Metropolitana"}},{"type":"Feature","geometry":{"type":"Point","coordinates":[-50.778905,-29.482412]},"properties":{"municipio_id":"4321709","municipio_nome":"Três Coroas","regiao_saude":"06 - Vale do Paranha e Costa Serra","macroregiao_saude":"Metropolitana"}},{"type":"Feature","geometry":{"type":"Point","coordinates":[-50.085382,-29.428481]},"properties":{"municipio_id":"4321832","municipio_nome":"Três Forquilhas","regiao_saude":"04 - Belas Praias ","macroregiao_saude":"Metropolitana"}},{"type":"Feature","geometry":{"type":"Point","coordinates":[-52.837354,-27.617139]},"properties":{"municipio_id":"4321857","municipio_nome":"Três Palmeiras","regiao_saude":"20 - Rota da Produção ","macroregiao_saude":"Norte"}},{"type":"Feature","geometry":{"type":"Point","coordinates":[-53.929277,-27.441016]},"properties":{"municipio_id":"4321907","municipio_nome":"Três Passos","regiao_saude":"15 - Caminho das águas","macroregiao_saude":"Norte"}},{"type":"Feature","geometry":{"type":"Point","coordinates":[-54.265359,-27.731585]},"properties":{"municipio_id":"4321808","municipio_nome":"Três de Maio","regiao_saude":"14 - Fronteira Noroeste","macroregiao_saude":"Missioneira"}},{"type":"Feature","geometry":{"type":"Point","coordinates":[-54.430993,-27.639358]},"properties":{"municipio_id":"4322103","municipio_nome":"Tucunduva","regiao_saude":"14 - Fronteira Noroeste","macroregiao_saude":"Missioneira"}},{"type":"Feature","geometry":{"type":"Point","coordinates":[-52.892791,-29.114088]},"properties":{"municipio_id":"4322152","municipio_nome":"Tunas","regiao_saude":"19 - Botucaruí","macroregiao_saude":"Norte"}},{"type":"Feature","geometry":{"type":"Point","coordinates":[-51.5376,-27.930165]},"properties":{"municipio_id":"4322186","municipio_nome":"Tupanci do Sul","regiao_saude":"18 - Araucárias","macroregiao_saude":"Norte"}},{"type":"Feature","geometry":{"type":"Point","coordinates":[-54.003497,-29.020515]},"properties":{"municipio_id":"4322202","municipio_nome":"Tupanciretã","regiao_saude":"01 - Verdes Campos","macroregiao_saude":"Centro-Oeste"}},{"type":"Feature","geometry":{"type":"Point","coordinates":[-51.426901,-29.474019]},"properties":{"municipio_id":"4322251","municipio_nome":"Tupandi","regiao_saude":"08 - Vale do Caí e Metropolitana","macroregiao_saude":"Metropolitana"}},{"type":"Feature","geometry":{"type":"Point","coordinates":[-54.554608,-27.706511]},"properties":{"municipio_id":"4322301","municipio_nome":"Tuparendi","regiao_saude":"14 - Fronteira Noroeste","macroregiao_saude":"Missioneira"}},{"type":"Feature","geometry":{"type":"Point","coordinates":[-52.156077,-31.4751]},"properties":{"municipio_id":"4322327","municipio_nome":"Turuçu","regiao_saude":"21- Região Sul ","macroregiao_saude":"Sul"}},{"type":"Feature","geometry":{"type":"Point","coordinates":[-54.646549,-28.038153]},"properties":{"municipio_id":"4322343","municipio_nome":"Ubiretama","regiao_saude":"11 - Sete Povos das Missões","macroregiao_saude":"Missioneira"}},{"type":"Feature","geometry":{"type":"Point","coordinates":[-55.158783,-29.068503]},"properties":{"municipio_id":"4322376","municipio_nome":"Unistalda","regiao_saude":"02 - Entre Rios ","macroregiao_saude":"Centro-Oeste"}},{"type":"Feature","geometry":{"type":"Point","coordinates":[-52.021529,-28.772499]},"properties":{"municipio_id":"4322350","municipio_nome":"União da Serra","regiao_saude":"25 - Vinhedos e Basalto","macroregiao_saude":"Serra"}},{"type":"Feature","geometry":{"type":"Point","coordinates":[-56.729402,-29.84059]},"properties":{"municipio_id":"4322400","municipio_nome":"Uruguaiana","regiao_saude":"03 - Fronteira Oeste","macroregiao_saude":"Centro-Oeste"}},{"type":"Feature","geometry":{"type":"Point","coordinates":[-50.923754,-28.370368]},"properties":{"municipio_id":"4322509","municipio_nome":"Vacaria","regiao_saude":"24 - Campos de Cima da Serra","macroregiao_saude":"Serra"}},{"type":"Feature","geometry":{"type":"Point","coordinates":[-51.248396,-29.362762]},"properties":{"municipio_id":"4322541","municipio_nome":"Vale Real","regiao_saude":"26 - Uva Vale","macroregiao_saude":"Serra"}},{"type":"Feature","geometry":{"type":"Point","coordinates":[-52.112445,-29.830787]},"properties":{"municipio_id":"4322525","municipio_nome":"Vale Verde","regiao_saude":"28 - Vale do Rio Pardo ","macroregiao_saude":"Vales"}},{"type":"Feature","geometry":{"type":"Point","coordinates":[-52.689541,-29.583666]},"properties":{"municipio_id":"4322533","municipio_nome":"Vale do Sol","regiao_saude":"28 - Vale do Rio Pardo","macroregiao_saude":"Vales"}},{"type":"Feature","geometry":{"type":"Point","coordinates":[-51.835139,-28.490298]},"properties":{"municipio_id":"4322558","municipio_nome":"Vanini","regiao_saude":"17 - Planalto","macroregiao_saude":"Norte"}},{"type":"Feature","geometry":{"type":"Point","coordinates":[-52.194949,-29.578584]},"properties":{"municipio_id":"4322608","municipio_nome":"Venâncio Aires","regiao_saude":"28 - Vale do Rio Pardo ","macroregiao_saude":"Vales"}},{"type":"Feature","geometry":{"type":"Point","coordinates":[-52.538652,-29.713167]},"properties":{"municipio_id":"4322707","municipio_nome":"Vera Cruz","regiao_saude":"28 - Vale do Rio Pardo ","macroregiao_saude":"Vales"}},{"type":"Feature","geometry":{"type":"Point","coordinates":[-51.551569,-28.963403]},"properties":{"municipio_id":"4322806","municipio_nome":"Veranópolis","regiao_saude":"25 - Vinhedos e Basalto","macroregiao_saude":"Serra"}},{"type":"Feature","geometry":{"type":"Point","coordinates":[-51.86048,-29.066782]},"properties":{"municipio_id":"4322855","municipio_nome":"Vespasiano Corrêa","regiao_saude":"29 - Vales e Montanhas","macroregiao_saude":"Vales"}},{"type":"Feature","geometry":{"type":"Point","coordinates":[-51.993713,-27.572267]},"properties":{"municipio_id":"4322905","municipio_nome":"Viadutos","regiao_saude":"16 - Alto Uruguai Gaúcho","macroregiao_saude":"Norte"}},{"type":"Feature","geometry":{"type":"Point","coordinates":[-50.869373,-30.167008]},"properties":{"municipio_id":"4323002","municipio_nome":"Viamão","regiao_saude":"10 - Capital e Vale do Gravataí","macroregiao_saude":"Metropolitana"}},{"type":"Feature","geometry":{"type":"Point","coordinates":[-53.387931,-27.171079]},"properties":{"municipio_id":"4323101","municipio_nome":"Vicente Dutra","regiao_saude":"15 - Caminho das águas","macroregiao_saude":"Norte"}},{"type":"Feature","geometry":{"type":"Point","coordinates":[-52.685263,-28.550139]},"properties":{"municipio_id":"4323200","municipio_nome":"Victor Graeff","regiao_saude":"17 - Planalto","macroregiao_saude":"Norte"}},{"type":"Feature","geometry":{"type":"Point","coordinates":[-51.552882,-28.85885]},"properties":{"municipio_id":"4323309","municipio_nome":"Vila Flores","regiao_saude":"25 - Vinhedos e Basalto","macroregiao_saude":"Serra"}},{"type":"Feature","geometry":{"type":"Point","coordinates":[-52.142414,-28.128164]},"properties":{"municipio_id":"4323358","municipio_nome":"Vila Lângaro","regiao_saude":"18 - Araucárias","macroregiao_saude":"Norte"}},{"type":"Feature","geometry":{"type":"Point","coordinates":[-52.151769,-28.557806]},"properties":{"municipio_id":"4323408","municipio_nome":"Vila Maria","regiao_saude":"17 - Planalto","macroregiao_saude":"Norte"}},{"type":"Feature","geometry":{"type":"Point","coordinates":[-53.878919,-30.345994]},"properties":{"municipio_id":"4323457","municipio_nome":"Vila Nova do Sul","regiao_saude":"01 - Verdes Campos","macroregiao_saude":"Centro-Oeste"}},{"type":"Feature","geometry":{"type":"Point","coordinates":[-53.510292,-27.324839]},"properties":{"municipio_id":"4323507","municipio_nome":"Vista Alegre","regiao_saude":"15 - Caminho das águas","macroregiao_saude":"Norte"}},{"type":"Feature","geometry":{"type":"Point","coordinates":[-51.782189,-28.82075]},"properties":{"municipio_id":"4323606","municipio_nome":"Vista Alegre do Prata","regiao_saude":"25 - Vinhedos e Basalto","macroregiao_saude":"Serra"}},{"type":"Feature","geometry":{"type":"Point","coordinates":[-53.700751,-27.265756]},"properties":{"municipio_id":"4323705","municipio_nome":"Vista Gaúcha","regiao_saude":"15 - Caminho das águas","macroregiao_saude":"Norte"}},{"type":"Feature","geometry":{"type":"Point","coordinates":[-54.46365,-28.381723]},"properties":{"municipio_id":"4323754","municipio_nome":"Vitória das Missões","regiao_saude":"11 - Sete Povos das Missões","macroregiao_saude":"Missioneira"}},{"type":"Feature","geometry":{"type":"Point","coordinates":[-51.74294,-29.406385]},"properties":{"municipio_id":"4323770","municipio_nome":"Westfália","regiao_saude":"30 - Vale da Luz ","macroregiao_saude":"Vales"}},{"type":"Feature","geometry":{"type":"Point","coordinates":[-50.069696,-29.807917]},"properties":{"municipio_id":"4323804","municipio_nome":"Xangri-lá","regiao_saude":"04 - Belas Praias ","macroregiao_saude":"Metropolitana"}},{"type":"Feature","geometry":{"type":"Point","coordinates":[-52.051741,-28.213856]},"properties":{"municipio_id":"4300059","municipio_nome":"Água Santa","regiao_saude":"18 - Araucárias","macroregiao_saude":"Norte"}},{"type":"Feature","geometry":{"type":"Point","coordinates":[-52.076454,-27.708499]},"properties":{"municipio_id":"4301552","municipio_nome":"Áurea","regiao_saude":"16 - Alto Uruguai Gaúcho","macroregiao_saude":"Norte"}}]}
